primary_key,date,capital,shares_held,low,high,insert_timestamp,action,price,volume,state
be939aa305ac90bddee4658b2341388c,2023-03-02,1000000.0,0,49.38,52.52,2023-12-21 12:21:05,buy,47.53,0,withdraw
be939aa305ac90bddee4658b2341388c,2023-03-03,1000000.0,0,49.61,52.2,2023-12-21 12:21:05,buy,48.17,0,withdraw
be939aa305ac90bddee4658b2341388c,2023-03-06,1000000.0,0,49.58,51.18,2023-12-21 12:21:05,buy,48.61,0,withdraw
be939aa305ac90bddee4658b2341388c,2023-03-07,1000000.0,17945,48.3,50.58,2023-12-21 12:21:05,buy,48.87,17945,make_a_deal
be939aa305ac90bddee4658b2341388c,2023-03-08,123057.97105179622,17945,47.56,48.88,2023-12-21 12:21:05,sell,50.79,0,withdraw
be939aa305ac90bddee4658b2341388c,2023-03-08,123057.97105179622,17945,47.56,48.88,2023-12-21 12:21:05,buy,47.44,0,withdraw
be939aa305ac90bddee4658b2341388c,2023-03-09,123057.97105179622,17945,47.72,49.16,2023-12-21 12:21:05,sell,49.91,0,withdraw
be939aa305ac90bddee4658b2341388c,2023-03-09,123057.97105179622,17945,47.72,49.16,2023-12-21 12:21:05,buy,47.45,0,withdraw
be939aa305ac90bddee4658b2341388c,2023-03-10,123057.97105179622,17945,47.0,48.87,2023-12-21 12:21:05,sell,49.64,0,withdraw
be939aa305ac90bddee4658b2341388c,2023-03-10,123057.97105179622,17945,47.0,48.87,2023-12-21 12:21:05,buy,45.95,0,withdraw
be939aa305ac90bddee4658b2341388c,2023-03-13,123057.97105179622,2704,47.1,49.35,2023-12-21 12:21:05,sell,48.23,15241,make_a_deal
be939aa305ac90bddee4658b2341388c,2023-03-13,123057.97105179622,2704,47.1,49.35,2023-12-21 12:21:05,buy,46.62,0,withdraw
be939aa305ac90bddee4658b2341388c,2023-03-14,858058.4233965023,2704,47.39,49.15,2023-12-21 12:21:05,sell,50.07,0,withdraw
be939aa305ac90bddee4658b2341388c,2023-03-14,858058.4233965023,2704,47.39,49.15,2023-12-21 12:21:05,buy,47.34,0,withdraw
be939aa305ac90bddee4658b2341388c,2023-03-15,858058.4233965023,1010,47.95,50.38,2023-12-21 12:21:05,sell,49.21,1694,make_a_deal
be939aa305ac90bddee4658b2341388c,2023-03-15,858058.4233965023,1010,47.95,50.38,2023-12-21 12:21:05,buy,46.3,0,withdraw
be939aa305ac90bddee4658b2341388c,2023-03-16,941414.2521501572,162,47.11,50.08,2023-12-21 12:21:05,sell,48.7,848,make_a_deal
be939aa305ac90bddee4658b2341388c,2023-03-16,941414.2521501572,162,47.11,50.08,2023-12-21 12:21:05,buy,46.79,0,withdraw
be939aa305ac90bddee4658b2341388c,2023-03-17,982709.7494176234,37,49.94,53.59,2023-12-21 12:21:05,sell,51.07,125,make_a_deal
be939aa305ac90bddee4658b2341388c,2023-03-17,982709.7494176234,37,49.94,53.59,2023-12-21 12:21:05,buy,48.55,0,withdraw
be939aa305ac90bddee4658b2341388c,2023-03-20,989093.070494349,37,50.95,53.29,2023-12-21 12:21:05,sell,53.97,0,withdraw
be939aa305ac90bddee4658b2341388c,2023-03-20,989093.070494349,37,50.95,53.29,2023-12-21 12:21:05,buy,50.49,0,withdraw
be939aa305ac90bddee4658b2341388c,2023-03-21,989093.070494349,37,49.8,51.86,2023-12-21 12:21:05,sell,52.2,0,withdraw
be939aa305ac90bddee4658b2341388c,2023-03-21,989093.070494349,19837,49.8,51.86,2023-12-21 12:21:05,buy,49.95,19800,make_a_deal
be939aa305ac90bddee4658b2341388c,2023-03-22,2.158101588021964,19837,49.58,51.55,2023-12-21 12:21:05,sell,51.71,0,withdraw
be939aa305ac90bddee4658b2341388c,2023-03-23,2.158101588021964,6945,51.42,56.71,2023-12-21 12:21:05,sell,52.99,12892,make_a_deal
be939aa305ac90bddee4658b2341388c,2023-03-23,2.158101588021964,6945,51.42,56.71,2023-12-21 12:21:05,buy,49.41,0,withdraw
be939aa305ac90bddee4658b2341388c,2023-03-24,683117.2373251806,987,56.5,60.83,2023-12-21 12:21:05,sell,58.06,5958,make_a_deal
be939aa305ac90bddee4658b2341388c,2023-03-24,683117.2373251806,987,56.5,60.83,2023-12-21 12:21:05,buy,54.32,0,withdraw
be939aa305ac90bddee4658b2341388c,2023-03-27,1029028.9371008482,987,58.5,62.05,2023-12-21 12:21:05,sell,62.64,0,withdraw
be939aa305ac90bddee4658b2341388c,2023-03-27,1029028.9371008482,987,58.5,62.05,2023-12-21 12:21:05,buy,57.19,0,withdraw
be939aa305ac90bddee4658b2341388c,2023-03-28,1029028.9371008482,987,57.93,60.35,2023-12-21 12:21:05,sell,61.86,0,withdraw
be939aa305ac90bddee4658b2341388c,2023-03-28,1029028.9371008482,11633,57.93,60.35,2023-12-21 12:21:05,buy,58.08,10646,make_a_deal
be939aa305ac90bddee4658b2341388c,2023-03-29,410675.8484730269,5857,56.78,60.8,2023-12-21 12:21:05,sell,60.27,5776,make_a_deal
be939aa305ac90bddee4658b2341388c,2023-03-29,410675.8484730269,13069,56.78,60.8,2023-12-21 12:21:05,buy,57.64,7212,make_a_deal
be939aa305ac90bddee4658b2341388c,2023-03-30,343101.82808078645,13069,57.45,60.19,2023-12-21 12:21:05,sell,60.68,0,withdraw
be939aa305ac90bddee4658b2341388c,2023-03-30,343101.82808078645,13069,57.45,60.19,2023-12-21 12:21:05,buy,57.28,0,withdraw
be939aa305ac90bddee4658b2341388c,2023-03-31,343101.82808078645,2369,57.49,64.16,2023-12-21 12:21:05,sell,60.98,10700,make_a_deal
be939aa305ac90bddee4658b2341388c,2023-03-31,343101.82808078645,9793,57.49,64.16,2023-12-21 12:21:05,buy,57.82,7424,make_a_deal
be939aa305ac90bddee4658b2341388c,2023-04-03,566382.2161121934,2436,65.34,69.4,2023-12-21 12:21:05,sell,67.49,7357,make_a_deal
be939aa305ac90bddee4658b2341388c,2023-04-03,566382.2161121934,2436,65.34,69.4,2023-12-21 12:21:05,buy,62.28,0,withdraw
be939aa305ac90bddee4658b2341388c,2023-04-04,1062938.7523361933,2436,64.43,70.1,2023-12-21 12:21:05,sell,71.03,0,withdraw
be939aa305ac90bddee4658b2341388c,2023-04-04,1062938.7523361933,16442,64.43,70.1,2023-12-21 12:21:05,buy,65.33,14006,make_a_deal
be939aa305ac90bddee4658b2341388c,2023-04-06,147930.71510693256,16442,63.2,65.71,2023-12-21 12:21:05,sell,67.31,0,withdraw
be939aa305ac90bddee4658b2341388c,2023-04-06,147930.71510693256,16442,63.2,65.71,2023-12-21 12:21:05,buy,61.64,0,withdraw
be939aa305ac90bddee4658b2341388c,2023-04-07,147930.71510693256,2850,63.1,66.63,2023-12-21 12:21:05,sell,64.98,13592,make_a_deal
be939aa305ac90bddee4658b2341388c,2023-04-07,147930.71510693256,19047,63.1,66.63,2023-12-21 12:21:05,buy,63.4,16197,make_a_deal
be939aa305ac90bddee4658b2341388c,2023-04-10,4245.937680007773,19047,58.95,64.78,2023-12-21 12:21:05,sell,66.01,0,withdraw
be939aa305ac90bddee4658b2341388c,2023-04-11,4245.937680007773,4700,58.58,61.53,2023-12-21 12:21:05,sell,60.94,14347,make_a_deal
be939aa305ac90bddee4658b2341388c,2023-04-11,4245.937680007773,4700,58.58,61.53,2023-12-21 12:21:05,buy,56.46,0,withdraw
be939aa305ac90bddee4658b2341388c,2023-04-12,878545.5943528474,4700,59.2,62.2,2023-12-21 12:21:05,sell,62.64,0,withdraw
be939aa305ac90bddee4658b2341388c,2023-04-12,878545.5943528474,4700,59.2,62.2,2023-12-21 12:21:05,buy,58.73,0,withdraw
be939aa305ac90bddee4658b2341388c,2023-04-13,878545.5943528474,4700,58.91,61.18,2023-12-21 12:21:05,sell,64.2,0,withdraw
be939aa305ac90bddee4658b2341388c,2023-04-13,878545.5943528474,19087,58.91,61.18,2023-12-21 12:21:05,buy,59.25,14387,make_a_deal
be939aa305ac90bddee4658b2341388c,2023-04-14,26076.20460975601,19087,57.3,60.4,2023-12-21 12:21:05,sell,61.09,0,withdraw
be939aa305ac90bddee4658b2341388c,2023-04-17,26076.20460975601,19087,57.2,59.13,2023-12-21 12:21:05,sell,61.19,0,withdraw
be939aa305ac90bddee4658b2341388c,2023-04-17,26076.20460975601,19087,57.2,59.13,2023-12-21 12:21:05,buy,56.14,0,withdraw
be939aa305ac90bddee4658b2341388c,2023-04-18,26076.20460975601,9653,57.56,60.73,2023-12-21 12:21:05,sell,60.72,9434,make_a_deal
be939aa305ac90bddee4658b2341388c,2023-04-18,26076.20460975601,9653,57.56,60.73,2023-12-21 12:21:05,buy,55.87,0,withdraw
be939aa305ac90bddee4658b2341388c,2023-04-19,598924.8849702628,9653,58.12,60.78,2023-12-21 12:21:05,sell,61.45,0,withdraw
be939aa305ac90bddee4658b2341388c,2023-04-19,598924.8849702628,9653,58.12,60.78,2023-12-21 12:21:05,buy,57.71,0,withdraw
be939aa305ac90bddee4658b2341388c,2023-04-20,598924.8849702628,1576,57.86,64.2,2023-12-21 12:21:05,sell,61.14,8077,make_a_deal
be939aa305ac90bddee4658b2341388c,2023-04-20,598924.8849702628,1576,57.86,64.2,2023-12-21 12:21:05,buy,55.34,0,withdraw
be939aa305ac90bddee4658b2341388c,2023-04-21,1092750.650238593,633,57.85,66.9,2023-12-21 12:21:05,sell,66.33,943,make_a_deal
be939aa305ac90bddee4658b2341388c,2023-04-21,1092750.650238593,17264,57.85,66.9,2023-12-21 12:21:05,buy,60.12,16631,make_a_deal
be939aa305ac90bddee4658b2341388c,2023-04-24,155524.4534435079,4996,58.03,61.0,2023-12-21 12:21:05,sell,60.07,12268,make_a_deal
be939aa305ac90bddee4658b2341388c,2023-04-24,155524.4534435079,4996,58.03,61.0,2023-12-21 12:21:05,buy,55.51,0,withdraw
be939aa305ac90bddee4658b2341388c,2023-04-25,892434.0494212685,871,58.58,62.26,2023-12-21 12:21:05,sell,60.85,4125,make_a_deal
be939aa305ac90bddee4658b2341388c,2023-04-25,892434.0494212685,871,58.58,62.26,2023-12-21 12:21:05,buy,55.26,0,withdraw
be939aa305ac90bddee4658b2341388c,2023-04-26,1143446.7497010827,871,55.98,62.6,2023-12-21 12:21:05,sell,63.6,0,withdraw
be939aa305ac90bddee4658b2341388c,2023-04-26,1143446.7497010827,16064,55.98,62.6,2023-12-21 12:21:05,buy,58.85,15193,make_a_deal
be939aa305ac90bddee4658b2341388c,2023-04-27,249384.8846810488,16064,54.25,57.8,2023-12-21 12:21:05,sell,58.28,0,withdraw
be939aa305ac90bddee4658b2341388c,2023-04-27,249384.8846810488,20159,54.25,57.8,2023-12-21 12:21:05,buy,54.4,4095,make_a_deal
be939aa305ac90bddee4658b2341388c,2023-04-28,26600.502087821165,0,55.0,60.9,2023-12-21 12:21:05,sell,57.47,20159,make_a_deal
be939aa305ac90bddee4658b2341388c,2023-04-28,26600.502087821165,0,55.0,60.9,2023-12-21 12:21:05,buy,52.38,0,withdraw
be939aa305ac90bddee4658b2341388c,2023-05-04,1185145.299977425,19292,57.58,61.59,2023-12-21 12:21:05,buy,57.76,19292,make_a_deal
be939aa305ac90bddee4658b2341388c,2023-05-05,70836.98496258259,19292,57.3,61.6,2023-12-21 12:21:05,sell,62.53,0,withdraw
be939aa305ac90bddee4658b2341388c,2023-05-05,70836.98496258259,19292,57.3,61.6,2023-12-21 12:21:05,buy,57.22,0,withdraw
be939aa305ac90bddee4658b2341388c,2023-05-08,70836.98496258259,7810,59.3,63.86,2023-12-21 12:21:05,sell,60.57,11482,make_a_deal
be939aa305ac90bddee4658b2341388c,2023-05-08,70836.98496258259,7810,59.3,63.86,2023-12-21 12:21:05,buy,56.64,0,withdraw
be939aa305ac90bddee4658b2341388c,2023-05-09,766305.5690944266,878,62.94,66.77,2023-12-21 12:21:05,sell,66.15,6932,make_a_deal
be939aa305ac90bddee4658b2341388c,2023-05-09,766305.5690944266,878,62.94,66.77,2023-12-21 12:21:05,buy,60.12,0,withdraw
be939aa305ac90bddee4658b2341388c,2023-05-10,1224826.7055012228,303,62.79,66.86,2023-12-21 12:21:05,sell,64.7,575,make_a_deal
be939aa305ac90bddee4658b2341388c,2023-05-10,1224826.7055012228,303,62.79,66.86,2023-12-21 12:21:05,buy,61.81,0,withdraw
be939aa305ac90bddee4658b2341388c,2023-05-11,1262027.4437605902,303,60.03,66.6,2023-12-21 12:21:05,sell,66.76,0,withdraw
be939aa305ac90bddee4658b2341388c,2023-05-11,1262027.4437605902,12825,60.03,66.6,2023-12-21 12:21:05,buy,62.28,12522,make_a_deal
be939aa305ac90bddee4658b2341388c,2023-05-12,482118.0483442368,1945,61.61,65.1,2023-12-21 12:21:05,sell,63.41,10880,make_a_deal
be939aa305ac90bddee4658b2341388c,2023-05-12,482118.0483442368,1945,61.61,65.1,2023-12-21 12:21:05,buy,59.72,0,withdraw
be939aa305ac90bddee4658b2341388c,2023-05-15,1172007.3822502694,1945,61.21,64.9,2023-12-21 12:21:05,sell,66.1,0,withdraw
be939aa305ac90bddee4658b2341388c,2023-05-15,1172007.3822502694,14357,61.21,64.9,2023-12-21 12:21:05,buy,61.75,12412,make_a_deal
be939aa305ac90bddee4658b2341388c,2023-05-16,405609.33141987864,14357,58.9,63.5,2023-12-21 12:21:05,sell,65.21,0,withdraw
be939aa305ac90bddee4658b2341388c,2023-05-16,405609.33141987864,17890,58.9,63.5,2023-12-21 12:21:05,buy,61.7,3533,make_a_deal
be939aa305ac90bddee4658b2341388c,2023-05-17,187616.76964339218,17890,57.02,59.6,2023-12-21 12:21:05,sell,61.63,0,withdraw
be939aa305ac90bddee4658b2341388c,2023-05-17,187616.76964339218,20030,57.02,59.6,2023-12-21 12:21:05,buy,57.18,2140,make_a_deal
be939aa305ac90bddee4658b2341388c,2023-05-18,65262.145817907905,16914,57.65,62.24,2023-12-21 12:21:05,sell,60.59,3116,make_a_deal
be939aa305ac90bddee4658b2341388c,2023-05-18,65262.145817907905,16914,57.65,62.24,2023-12-21 12:21:05,buy,56.04,0,withdraw
be939aa305ac90bddee4658b2341388c,2023-05-19,254049.93876519433,16914,59.63,61.8,2023-12-21 12:21:05,sell,61.81,0,withdraw
be939aa305ac90bddee4658b2341388c,2023-05-19,254049.93876519433,16914,59.63,61.8,2023-12-21 12:21:05,buy,59.36,0,withdraw
be939aa305ac90bddee4658b2341388c,2023-05-22,254049.93876519433,16914,58.0,60.46,2023-12-21 12:21:05,sell,62.65,0,withdraw
be939aa305ac90bddee4658b2341388c,2023-05-22,254049.93876519433,19755,58.0,60.46,2023-12-21 12:21:05,buy,58.14,2841,make_a_deal
be939aa305ac90bddee4658b2341388c,2023-05-23,88867.95026811666,14258,57.48,60.17,2023-12-21 12:21:05,sell,59.64,5497,make_a_deal
be939aa305ac90bddee4658b2341388c,2023-05-23,88867.95026811666,17168,57.48,60.17,2023-12-21 12:21:05,buy,58.5,2910,make_a_deal
be939aa305ac90bddee4658b2341388c,2023-05-24,246472.3199581531,17168,53.5,59.56,2023-12-21 12:21:05,sell,60.05,0,withdraw
be939aa305ac90bddee4658b2341388c,2023-05-24,246472.3199581531,19721,53.5,59.56,2023-12-21 12:21:05,buy,58.13,2553,make_a_deal
be939aa305ac90bddee4658b2341388c,2023-05-25,98070.47144915932,19721,54.4,56.65,2023-12-21 12:21:05,sell,58.12,0,withdraw
be939aa305ac90bddee4658b2341388c,2023-05-25,98070.47144915932,20571,54.4,56.65,2023-12-21 12:21:05,buy,54.53,850,make_a_deal
be939aa305ac90bddee4658b2341388c,2023-05-26,51721.159892312644,20571,54.68,57.06,2023-12-21 12:21:05,sell,57.1,0,withdraw
be939aa305ac90bddee4658b2341388c,2023-05-26,51721.159892312644,20571,54.68,57.06,2023-12-21 12:21:05,buy,52.82,0,withdraw
be939aa305ac90bddee4658b2341388c,2023-05-29,51721.159892312644,1620,55.1,57.9,2023-12-21 12:21:05,sell,57.46,18951,make_a_deal
be939aa305ac90bddee4658b2341388c,2023-05-29,51721.159892312644,1620,55.1,57.9,2023-12-21 12:21:05,buy,53.83,0,withdraw
be939aa305ac90bddee4658b2341388c,2023-05-30,1140598.383844017,380,55.78,60.58,2023-12-21 12:21:05,sell,58.17,1240,make_a_deal
be939aa305ac90bddee4658b2341388c,2023-05-30,1140598.383844017,380,55.78,60.58,2023-12-21 12:21:05,buy,53.3,0,withdraw
be939aa305ac90bddee4658b2341388c,2023-05-31,1212734.383382269,380,59.1,60.44,2023-12-21 12:21:05,sell,63.02,0,withdraw
be939aa305ac90bddee4658b2341388c,2023-05-31,1212734.383382269,380,59.1,60.44,2023-12-21 12:21:05,buy,58.19,0,withdraw
be939aa305ac90bddee4658b2341388c,2023-06-01,1212734.383382269,51,60.19,65.73,2023-12-21 12:21:05,sell,61.05,329,make_a_deal
be939aa305ac90bddee4658b2341388c,2023-06-01,1212734.383382269,51,60.19,65.73,2023-12-21 12:21:05,buy,56.64,0,withdraw
be939aa305ac90bddee4658b2341388c,2023-06-02,1232819.5255195876,51,65.58,67.28,2023-12-21 12:21:05,sell,67.34,0,withdraw
be939aa305ac90bddee4658b2341388c,2023-06-02,1232819.5255195876,51,65.58,67.28,2023-12-21 12:21:05,buy,62.74,0,withdraw
be939aa305ac90bddee4658b2341388c,2023-06-05,1232819.5255195876,51,65.16,67.16,2023-12-21 12:21:05,sell,67.78,0,withdraw
be939aa305ac90bddee4658b2341388c,2023-06-05,1232819.5255195876,51,65.16,67.16,2023-12-21 12:21:05,buy,64.46,0,withdraw
be939aa305ac90bddee4658b2341388c,2023-06-06,1232819.5255195876,51,63.0,66.8,2023-12-21 12:21:05,sell,68.91,0,withdraw
be939aa305ac90bddee4658b2341388c,2023-06-06,1232819.5255195876,10027,63.0,66.8,2023-12-21 12:21:05,buy,64.74,9976,make_a_deal
be939aa305ac90bddee4658b2341388c,2023-06-07,586999.0017496725,3412,64.4,65.95,2023-12-21 12:21:05,sell,64.56,6615,make_a_deal
be939aa305ac90bddee4658b2341388c,2023-06-07,586999.0017496725,3412,64.4,65.95,2023-12-21 12:21:05,buy,61.67,0,withdraw
be939aa305ac90bddee4658b2341388c,2023-06-08,1014066.368099607,3412,62.66,64.61,2023-12-21 12:21:05,sell,66.1,0,withdraw
be939aa305ac90bddee4658b2341388c,2023-06-08,1014066.368099607,9193,62.66,64.61,2023-12-21 12:21:05,buy,63.03,5781,make_a_deal
be939aa305ac90bddee4658b2341388c,2023-06-09,649669.8618348294,4054,63.0,67.08,2023-12-21 12:21:05,sell,66.08,5139,make_a_deal
be939aa305ac90bddee4658b2341388c,2023-06-09,649669.8618348294,8882,63.0,67.08,2023-12-21 12:21:05,buy,63.55,4828,make_a_deal
be939aa305ac90bddee4658b2341388c,2023-06-12,682433.2668551903,1771,66.49,70.1,2023-12-21 12:21:05,sell,69.35,7111,make_a_deal
be939aa305ac90bddee4658b2341388c,2023-06-12,682433.2668551903,1771,66.49,70.1,2023-12-21 12:21:05,buy,63.24,0,withdraw
be939aa305ac90bddee4658b2341388c,2023-06-13,1175599.0717150245,191,67.02,75.3,2023-12-21 12:21:05,sell,74.39,1580,make_a_deal
be939aa305ac90bddee4658b2341388c,2023-06-13,1175599.0717150245,191,67.02,75.3,2023-12-21 12:21:05,buy,64.93,0,withdraw
be939aa305ac90bddee4658b2341388c,2023-06-14,1293128.1933150245,191,73.84,75.36,2023-12-21 12:21:05,sell,76.77,0,withdraw
be939aa305ac90bddee4658b2341388c,2023-06-14,1293128.1933150245,191,73.84,75.36,2023-12-21 12:21:05,buy,71.52,0,withdraw
be939aa305ac90bddee4658b2341388c,2023-06-15,1293128.1933150245,191,71.9,75.67,2023-12-21 12:21:05,sell,76.29,0,withdraw
be939aa305ac90bddee4658b2341388c,2023-06-15,1293128.1933150245,191,71.9,75.67,2023-12-21 12:21:05,buy,70.87,0,withdraw
be939aa305ac90bddee4658b2341388c,2023-06-16,1293128.1933150245,191,72.42,75.4,2023-12-21 12:21:05,sell,76.38,0,withdraw
be939aa305ac90bddee4658b2341388c,2023-06-16,1293128.1933150245,191,72.42,75.4,2023-12-21 12:21:05,buy,70.56,0,withdraw
be939aa305ac90bddee4658b2341388c,2023-06-19,1293128.1933150245,191,72.45,76.92,2023-12-21 12:21:05,sell,76.99,0,withdraw
be939aa305ac90bddee4658b2341388c,2023-06-19,1293128.1933150245,14889,72.45,76.92,2023-12-21 12:21:05,buy,72.62,14698,make_a_deal
be939aa305ac90bddee4658b2341388c,2023-06-20,225798.9620801264,8054,74.5,82.0,2023-12-21 12:21:05,sell,79.18,6835,make_a_deal
be939aa305ac90bddee4658b2341388c,2023-06-20,225798.9620801264,8054,74.5,82.0,2023-12-21 12:21:05,buy,71.56,0,withdraw
be939aa305ac90bddee4658b2341388c,2023-06-21,766969.2337864054,8054,77.59,81.77,2023-12-21 12:21:05,sell,84.79,0,withdraw
be939aa305ac90bddee4658b2341388c,2023-06-21,766969.2337864054,14419,77.59,81.77,2023-12-21 12:21:05,buy,78.85,6365,make_a_deal
be939aa305ac90bddee4658b2341388c,2023-06-26,265097.1175421658,14419,71.91,78.35,2023-12-21 12:21:05,sell,80.41,0,withdraw
be939aa305ac90bddee4658b2341388c,2023-06-26,265097.1175421658,17511,71.91,78.35,2023-12-21 12:21:05,buy,74.45,3092,make_a_deal
be939aa305ac90bddee4658b2341388c,2023-06-27,34888.74042679244,17511,70.33,73.73,2023-12-21 12:21:05,sell,74.8,0,withdraw
be939aa305ac90bddee4658b2341388c,2023-06-27,34888.74042679244,17872,70.33,73.73,2023-12-21 12:21:05,buy,71.93,361,make_a_deal
be939aa305ac90bddee4658b2341388c,2023-06-28,8920.548844107172,17872,67.4,71.88,2023-12-21 12:21:05,sell,75.65,0,withdraw
be939aa305ac90bddee4658b2341388c,2023-06-29,8920.548844107172,17872,67.18,70.37,2023-12-21 12:21:05,sell,73.08,0,withdraw
be939aa305ac90bddee4658b2341388c,2023-06-30,8920.548844107172,17872,66.15,69.03,2023-12-21 12:21:05,sell,69.2,0,withdraw
be939aa305ac90bddee4658b2341388c,2023-07-03,8920.548844107172,17872,63.48,68.55,2023-12-21 12:21:05,sell,68.77,0,withdraw
be939aa305ac90bddee4658b2341388c,2023-07-04,8920.548844107172,17872,64.95,67.58,2023-12-21 12:21:05,sell,68.76,0,withdraw
be939aa305ac90bddee4658b2341388c,2023-07-05,8920.548844107172,17872,64.55,66.61,2023-12-21 12:21:05,sell,67.65,0,withdraw
be939aa305ac90bddee4658b2341388c,2023-07-06,8920.548844107172,3406,64.6,69.09,2023-12-21 12:21:05,sell,67.88,14466,make_a_deal
be939aa305ac90bddee4658b2341388c,2023-07-06,8920.548844107172,3406,64.6,69.09,2023-12-21 12:21:05,buy,62.23,0,withdraw
be939aa305ac90bddee4658b2341388c,2023-07-07,990929.5445173748,812,64.11,69.99,2023-12-21 12:21:05,sell,68.51,2594,make_a_deal
be939aa305ac90bddee4658b2341388c,2023-07-07,990929.5445173748,17136,64.11,69.99,2023-12-21 12:21:05,buy,65.03,16324,make_a_deal
be939aa305ac90bddee4658b2341388c,2023-07-10,107155.55777513143,17136,65.66,67.9,2023-12-21 12:21:05,sell,70.88,0,withdraw
be939aa305ac90bddee4658b2341388c,2023-07-10,107155.55777513143,18412,65.66,67.9,2023-12-21 12:21:05,buy,66.26,1276,make_a_deal
be939aa305ac90bddee4658b2341388c,2023-07-11,22607.963815752097,6727,65.89,69.69,2023-12-21 12:21:05,sell,66.77,11685,make_a_deal
be939aa305ac90bddee4658b2341388c,2023-07-11,22607.963815752097,6727,65.89,69.69,2023-12-21 12:21:05,buy,62.84,0,withdraw
be939aa305ac90bddee4658b2341388c,2023-07-12,802810.6665059103,6727,67.66,69.8,2023-12-21 12:21:05,sell,70.69,0,withdraw
be939aa305ac90bddee4658b2341388c,2023-07-12,802810.6665059103,6727,67.66,69.8,2023-12-21 12:21:05,buy,65.92,0,withdraw
be939aa305ac90bddee4658b2341388c,2023-07-13,802810.6665059103,6727,64.88,69.48,2023-12-21 12:21:05,sell,71.05,0,withdraw
be939aa305ac90bddee4658b2341388c,2023-07-13,802810.6665059103,17719,64.88,69.48,2023-12-21 12:21:05,buy,64.93,10992,make_a_deal
be939aa305ac90bddee4658b2341388c,2023-07-14,89075.57129824266,10836,68.9,72.17,2023-12-21 12:21:05,sell,69.94,6883,make_a_deal
be939aa305ac90bddee4658b2341388c,2023-07-14,89075.57129824266,10836,68.9,72.17,2023-12-21 12:21:05,buy,65.47,0,withdraw
be939aa305ac90bddee4658b2341388c,2023-07-17,570472.1750040883,4913,68.78,72.0,2023-12-21 12:21:05,sell,71.3,5923,make_a_deal
be939aa305ac90bddee4658b2341388c,2023-07-17,570472.1750040883,4913,68.78,72.0,2023-12-21 12:21:05,buy,67.81,0,withdraw
be939aa305ac90bddee4658b2341388c,2023-07-18,992777.7968025092,4913,67.1,70.7,2023-12-21 12:21:05,sell,72.51,0,withdraw
be939aa305ac90bddee4658b2341388c,2023-07-18,992777.7968025092,15355,67.1,70.7,2023-12-21 12:21:05,buy,67.42,10442,make_a_deal
be939aa305ac90bddee4658b2341388c,2023-07-19,288822.5723163927,2027,67.45,70.5,2023-12-21 12:21:05,sell,68.73,13328,make_a_deal
be939aa305ac90bddee4658b2341388c,2023-07-19,288822.5723163927,2027,67.45,70.5,2023-12-21 12:21:05,buy,64.59,0,withdraw
be939aa305ac90bddee4658b2341388c,2023-07-20,1204871.9692980498,2027,63.98,68.3,2023-12-21 12:21:05,sell,70.27,0,withdraw
be939aa305ac90bddee4658b2341388c,2023-07-20,1204871.9692980498,7377,63.98,68.3,2023-12-21 12:21:05,buy,64.18,5350,make_a_deal
be939aa305ac90bddee4658b2341388c,2023-07-21,861495.0701750212,121,63.4,65.68,2023-12-21 12:21:05,sell,65.19,7256,make_a_deal
be939aa305ac90bddee4658b2341388c,2023-07-21,861495.0701750212,121,63.4,65.68,2023-12-21 12:21:05,buy,61.83,0,withdraw
be939aa305ac90bddee4658b2341388c,2023-07-24,1334502.6477464093,121,62.66,65.74,2023-12-21 12:21:05,sell,67.67,0,withdraw
be939aa305ac90bddee4658b2341388c,2023-07-24,1334502.6477464093,19131,62.66,65.74,2023-12-21 12:21:05,buy,62.86,19010,make_a_deal
be939aa305ac90bddee4658b2341388c,2023-07-25,139462.04643401783,10338,63.06,65.2,2023-12-21 12:21:05,sell,64.42,8793,make_a_deal
be939aa305ac90bddee4658b2341388c,2023-07-25,139462.04643401783,10338,63.06,65.2,2023-12-21 12:21:05,buy,61.72,0,withdraw
be939aa305ac90bddee4658b2341388c,2023-07-26,705870.3117766533,10338,62.13,64.2,2023-12-21 12:21:05,sell,64.39,0,withdraw
be939aa305ac90bddee4658b2341388c,2023-07-26,705870.3117766533,19798,62.13,64.2,2023-12-21 12:21:05,buy,63.06,9460,make_a_deal
be939aa305ac90bddee4658b2341388c,2023-07-27,109319.33483180928,19798,62.1,63.49,2023-12-21 12:21:05,sell,64.33,0,withdraw
be939aa305ac90bddee4658b2341388c,2023-07-27,109319.33483180928,19798,62.1,63.49,2023-12-21 12:21:05,buy,61.6,0,withdraw
be939aa305ac90bddee4658b2341388c,2023-07-28,109319.33483180928,19798,61.66,63.3,2023-12-21 12:21:05,sell,64.68,0,withdraw
be939aa305ac90bddee4658b2341388c,2023-07-28,109319.33483180928,19798,61.66,63.3,2023-12-21 12:21:05,buy,59.43,0,withdraw
be939aa305ac90bddee4658b2341388c,2023-07-31,109319.33483180928,4817,61.45,63.68,2023-12-21 12:21:05,sell,62.92,14981,make_a_deal
be939aa305ac90bddee4658b2341388c,2023-07-31,109319.33483180928,4817,61.45,63.68,2023-12-21 12:21:05,buy,60.2,0,withdraw
be939aa305ac90bddee4658b2341388c,2023-08-01,1051916.2367453193,4817,58.8,61.76,2023-12-21 12:21:05,sell,66.13,0,withdraw
be939aa305ac90bddee4658b2341388c,2023-08-01,1051916.2367453193,16995,58.8,61.76,2023-12-21 12:21:05,buy,61.11,12178,make_a_deal
be939aa305ac90bddee4658b2341388c,2023-08-02,307769.6728979122,3352,60.7,62.8,2023-12-21 12:21:05,sell,62.24,13643,make_a_deal
be939aa305ac90bddee4658b2341388c,2023-08-02,307769.6728979122,3352,60.7,62.8,2023-12-21 12:21:05,buy,59.57,0,withdraw
be939aa305ac90bddee4658b2341388c,2023-08-03,1156894.8627847717,856,60.98,62.97,2023-12-21 12:21:05,sell,62.96,2496,make_a_deal
be939aa305ac90bddee4658b2341388c,2023-08-03,1156894.8627847717,856,60.98,62.97,2023-12-21 12:21:05,buy,59.91,0,withdraw
be939aa305ac90bddee4658b2341388c,2023-08-04,1314051.5798037115,856,61.84,63.8,2023-12-21 12:21:05,sell,64.11,0,withdraw
be939aa305ac90bddee4658b2341388c,2023-08-04,1314051.5798037115,856,61.84,63.8,2023-12-21 12:21:05,buy,61.28,0,withdraw
be939aa305ac90bddee4658b2341388c,2023-08-07,1314051.5798037115,856,63.47,65.0,2023-12-21 12:21:05,sell,65.62,0,withdraw
be939aa305ac90bddee4658b2341388c,2023-08-07,1314051.5798037115,856,63.47,65.0,2023-12-21 12:21:05,buy,61.64,0,withdraw
be939aa305ac90bddee4658b2341388c,2023-08-08,1314051.5798037115,178,63.46,64.67,2023-12-21 12:21:05,sell,64.59,678,make_a_deal
be939aa305ac90bddee4658b2341388c,2023-08-08,1314051.5798037115,178,63.46,64.67,2023-12-21 12:21:05,buy,61.37,0,withdraw
be939aa305ac90bddee4658b2341388c,2023-08-09,1357845.275954302,178,62.8,64.96,2023-12-21 12:21:05,sell,65.7,0,withdraw
be939aa305ac90bddee4658b2341388c,2023-08-09,1357845.275954302,178,62.8,64.96,2023-12-21 12:21:05,buy,60.94,0,withdraw
be939aa305ac90bddee4658b2341388c,2023-08-10,1357845.275954302,178,62.5,63.85,2023-12-21 12:21:05,sell,65.32,0,withdraw
be939aa305ac90bddee4658b2341388c,2023-08-10,1357845.275954302,178,62.5,63.85,2023-12-21 12:21:05,buy,61.84,0,withdraw
be939aa305ac90bddee4658b2341388c,2023-08-11,1357845.275954302,178,61.96,64.27,2023-12-21 12:21:05,sell,65.51,0,withdraw
be939aa305ac90bddee4658b2341388c,2023-08-11,1357845.275954302,178,61.96,64.27,2023-12-21 12:21:05,buy,61.36,0,withdraw
be939aa305ac90bddee4658b2341388c,2023-08-14,1357845.275954302,65,61.01,64.03,2023-12-21 12:21:05,sell,62.61,113,make_a_deal
be939aa305ac90bddee4658b2341388c,2023-08-14,1357845.275954302,65,61.01,64.03,2023-12-21 12:21:05,buy,59.1,0,withdraw
be939aa305ac90bddee4658b2341388c,2023-08-15,1364920.2895208627,65,62.6,64.95,2023-12-21 12:21:05,sell,64.97,0,withdraw
be939aa305ac90bddee4658b2341388c,2023-08-15,1364920.2895208627,65,62.6,64.95,2023-12-21 12:21:05,buy,61.48,0,withdraw
be939aa305ac90bddee4658b2341388c,2023-08-16,1364920.2895208627,65,57.6,63.7,2023-12-21 12:21:05,sell,66.33,0,withdraw
be939aa305ac90bddee4658b2341388c,2023-08-16,1364920.2895208627,14149,57.6,63.7,2023-12-21 12:21:05,buy,61.75,14084,make_a_deal
be939aa305ac90bddee4658b2341388c,2023-08-17,495238.48725957377,14149,56.74,59.22,2023-12-21 12:21:05,sell,60.51,0,withdraw
be939aa305ac90bddee4658b2341388c,2023-08-17,495238.48725957377,20711,56.74,59.22,2023-12-21 12:21:05,buy,56.99,6562,make_a_deal
be939aa305ac90bddee4658b2341388c,2023-08-18,121297.0386811851,20711,56.32,59.17,2023-12-21 12:21:05,sell,59.86,0,withdraw
be939aa305ac90bddee4658b2341388c,2023-08-18,121297.0386811851,20711,56.32,59.17,2023-12-21 12:21:05,buy,55.94,0,withdraw
be939aa305ac90bddee4658b2341388c,2023-08-21,121297.0386811851,3946,55.7,57.46,2023-12-21 12:21:05,sell,56.77,16765,make_a_deal
be939aa305ac90bddee4658b2341388c,2023-08-21,121297.0386811851,3946,55.7,57.46,2023-12-21 12:21:05,buy,54.5,0,withdraw
be939aa305ac90bddee4658b2341388c,2023-08-22,1073019.4303369527,3041,55.55,57.5,2023-12-21 12:21:05,sell,56.83,905,make_a_deal
be939aa305ac90bddee4658b2341388c,2023-08-22,1073019.4303369527,3041,55.55,57.5,2023-12-21 12:21:05,buy,53.61,0,withdraw
be939aa305ac90bddee4658b2341388c,2023-08-23,1124451.8415359152,3041,54.05,56.89,2023-12-21 12:21:05,sell,60.06,0,withdraw
be939aa305ac90bddee4658b2341388c,2023-08-23,1124451.8415359152,9891,54.05,56.89,2023-12-21 12:21:05,buy,55.14,6850,make_a_deal
be939aa305ac90bddee4658b2341388c,2023-08-24,746712.460808503,5621,53.19,54.89,2023-12-21 12:21:05,sell,54.87,4270,make_a_deal
be939aa305ac90bddee4658b2341388c,2023-08-24,746712.460808503,5621,53.19,54.89,2023-12-21 12:21:05,buy,52.13,0,withdraw
be939aa305ac90bddee4658b2341388c,2023-08-25,981028.3672241125,5621,50.97,53.1,2023-12-21 12:21:05,sell,56.14,0,withdraw
be939aa305ac90bddee4658b2341388c,2023-08-25,981028.3672241125,21260,50.97,53.1,2023-12-21 12:21:05,buy,51.79,15639,make_a_deal
be939aa305ac90bddee4658b2341388c,2023-08-28,171144.05984262738,2227,50.48,55.0,2023-12-21 12:21:05,sell,52.48,19033,make_a_deal
be939aa305ac90bddee4658b2341388c,2023-08-28,171144.05984262738,2227,50.48,55.0,2023-12-21 12:21:05,buy,48.99,0,withdraw
be939aa305ac90bddee4658b2341388c,2023-08-29,1170013.5804560075,2227,50.12,53.08,2023-12-21 12:21:05,sell,53.94,0,withdraw
be939aa305ac90bddee4658b2341388c,2023-08-29,1170013.5804560075,25371,50.12,53.08,2023-12-21 12:21:05,buy,50.34,23144,make_a_deal
be939aa305ac90bddee4658b2341388c,2023-08-30,4865.195194615517,11523,52.21,55.65,2023-12-21 12:21:05,sell,52.96,13848,make_a_deal
be939aa305ac90bddee4658b2341388c,2023-08-30,4865.195194615517,11523,52.21,55.65,2023-12-21 12:21:05,buy,50.19,0,withdraw
be939aa305ac90bddee4658b2341388c,2023-08-31,738227.2799707254,11523,53.6,55.55,2023-12-21 12:21:05,sell,57.0,0,withdraw
be939aa305ac90bddee4658b2341388c,2023-08-31,738227.2799707254,11523,53.6,55.55,2023-12-21 12:21:05,buy,52.66,0,withdraw
be939aa305ac90bddee4658b2341388c,2023-09-01,738227.2799707254,11523,53.57,55.17,2023-12-21 12:21:05,sell,56.44,0,withdraw
be939aa305ac90bddee4658b2341388c,2023-09-01,738227.2799707254,11523,53.57,55.17,2023-12-21 12:21:05,buy,52.68,0,withdraw
be939aa305ac90bddee4658b2341388c,2023-09-04,738227.2799707254,11523,52.97,54.66,2023-12-21 12:21:05,sell,56.03,0,withdraw
be939aa305ac90bddee4658b2341388c,2023-09-04,738227.2799707254,11523,52.97,54.66,2023-12-21 12:21:05,buy,52.53,0,withdraw
be939aa305ac90bddee4658b2341388c,2023-09-05,738227.2799707254,11523,52.16,54.37,2023-12-21 12:21:05,sell,55.13,0,withdraw
be939aa305ac90bddee4658b2341388c,2023-09-05,738227.2799707254,11523,52.16,54.37,2023-12-21 12:21:05,buy,51.28,0,withdraw
be939aa305ac90bddee4658b2341388c,2023-09-06,738227.2799707254,11523,51.0,52.1,2023-12-21 12:21:05,sell,53.37,0,withdraw
be939aa305ac90bddee4658b2341388c,2023-09-06,738227.2799707254,14548,51.0,52.1,2023-12-21 12:21:05,buy,51.35,3025,make_a_deal
be939aa305ac90bddee4658b2341388c,2023-09-07,582879.1443113512,14548,50.68,52.08,2023-12-21 12:21:05,sell,52.25,0,withdraw
be939aa305ac90bddee4658b2341388c,2023-09-07,582879.1443113512,14548,50.68,52.08,2023-12-21 12:21:05,buy,49.55,0,withdraw
be939aa305ac90bddee4658b2341388c,2023-09-08,582879.1443113512,14548,49.41,50.98,2023-12-21 12:21:05,sell,53.04,0,withdraw
be939aa305ac90bddee4658b2341388c,2023-09-08,582879.1443113512,23689,49.41,50.98,2023-12-21 12:21:05,buy,49.55,9141,make_a_deal
be939aa305ac90bddee4658b2341388c,2023-09-11,129938.16777262004,7510,49.0,52.5,2023-12-21 12:21:05,sell,51.03,16179,make_a_deal
be939aa305ac90bddee4658b2341388c,2023-09-11,129938.16777262004,7510,49.0,52.5,2023-12-21 12:21:05,buy,47.67,0,withdraw
be939aa305ac90bddee4658b2341388c,2023-09-12,955617.8812497596,7510,50.27,51.54,2023-12-21 12:21:05,sell,52.62,0,withdraw
be939aa305ac90bddee4658b2341388c,2023-09-12,955617.8812497596,7510,50.27,51.54,2023-12-21 12:21:05,buy,49.95,0,withdraw
be939aa305ac90bddee4658b2341388c,2023-09-13,955617.8812497596,7510,48.8,50.6,2023-12-21 12:21:05,sell,52.05,0,withdraw
be939aa305ac90bddee4658b2341388c,2023-09-13,955617.8812497596,22516,48.8,50.6,2023-12-21 12:21:05,buy,48.98,15006,make_a_deal
be939aa305ac90bddee4658b2341388c,2023-09-14,220551.94402189797,22516,48.9,49.82,2023-12-21 12:21:05,sell,50.68,0,withdraw
be939aa305ac90bddee4658b2341388c,2023-09-14,220551.94402189797,22516,48.9,49.82,2023-12-21 12:21:05,buy,48.36,0,withdraw
be939aa305ac90bddee4658b2341388c,2023-09-15,220551.94402189797,8299,47.9,49.42,2023-12-21 12:21:05,sell,49.39,14217,make_a_deal
be939aa305ac90bddee4658b2341388c,2023-09-15,220551.94402189797,8299,47.9,49.42,2023-12-21 12:21:05,buy,47.48,0,withdraw
be939aa305ac90bddee4658b2341388c,2023-09-18,922785.1286611182,1730,47.7,49.6,2023-12-21 12:21:05,sell,49.21,6569,make_a_deal
be939aa305ac90bddee4658b2341388c,2023-09-18,922785.1286611182,1730,47.7,49.6,2023-12-21 12:21:05,buy,47.11,0,withdraw
be939aa305ac90bddee4658b2341388c,2023-09-19,1246063.511214903,1730,46.34,48.35,2023-12-21 12:21:05,sell,49.18,0,withdraw
be939aa305ac90bddee4658b2341388c,2023-09-19,1246063.511214903,27747,46.34,48.35,2023-12-21 12:21:05,buy,46.46,26017,make_a_deal
be939aa305ac90bddee4658b2341388c,2023-09-20,37337.63519627345,27747,46.47,47.43,2023-12-21 12:21:05,sell,48.22,0,withdraw
be939aa305ac90bddee4658b2341388c,2023-09-20,37337.63519627345,27747,46.47,47.43,2023-12-21 12:21:05,buy,45.01,0,withdraw
be939aa305ac90bddee4658b2341388c,2023-09-21,37337.63519627345,10034,46.14,47.5,2023-12-21 12:21:05,sell,47.07,17713,make_a_deal
be939aa305ac90bddee4658b2341388c,2023-09-21,37337.63519627345,10034,46.14,47.5,2023-12-21 12:21:05,buy,45.67,0,withdraw
be939aa305ac90bddee4658b2341388c,2023-09-22,871155.0808591711,3180,46.36,49.89,2023-12-21 12:21:05,sell,48.18,6854,make_a_deal
be939aa305ac90bddee4658b2341388c,2023-09-22,871155.0808591711,3180,46.36,49.89,2023-12-21 12:21:05,buy,45.33,0,withdraw
be939aa305ac90bddee4658b2341388c,2023-09-25,1201399.993426656,3180,48.61,50.1,2023-12-21 12:21:05,sell,50.92,0,withdraw
be939aa305ac90bddee4658b2341388c,2023-09-25,1201399.993426656,19507,48.61,50.1,2023-12-21 12:21:05,buy,48.67,16327,make_a_deal
be939aa305ac90bddee4658b2341388c,2023-09-26,406773.4597784503,2627,49.01,51.98,2023-12-21 12:21:05,sell,50.94,16880,make_a_deal
be939aa305ac90bddee4658b2341388c,2023-09-26,406773.4597784503,2627,49.01,51.98,2023-12-21 12:21:05,buy,46.43,0,withdraw
be939aa305ac90bddee4658b2341388c,2023-09-27,1266691.8353539766,69,50.47,51.4,2023-12-21 12:21:05,sell,51.22,2558,make_a_deal
be939aa305ac90bddee4658b2341388c,2023-09-27,1266691.8353539766,69,50.47,51.4,2023-12-21 12:21:05,buy,49.66,0,withdraw
be939aa305ac90bddee4658b2341388c,2023-09-28,1397703.3348565456,69,50.47,51.75,2023-12-21 12:21:05,sell,52.18,0,withdraw
be939aa305ac90bddee4658b2341388c,2023-09-28,1397703.3348565456,69,50.47,51.75,2023-12-21 12:21:05,buy,48.72,0,withdraw
be939aa305ac90bddee4658b2341388c,2023-10-09,1397703.3348565456,0,50.36,51.68,2023-12-21 12:21:05,sell,51.21,69,make_a_deal
be939aa305ac90bddee4658b2341388c,2023-10-09,1397703.3348565456,0,50.36,51.68,2023-12-21 12:21:05,buy,49.1,0,withdraw
be939aa305ac90bddee4658b2341388c,2023-10-10,1401236.7584729365,0,50.59,53.78,2023-12-21 12:21:05,buy,49.58,0,withdraw
be939aa305ac90bddee4658b2341388c,2023-10-11,1401236.7584729365,0,51.32,56.82,2023-12-21 12:21:05,buy,49.02,0,withdraw
be939aa305ac90bddee4658b2341388c,2023-10-12,1401236.7584729365,20990,53.14,55.25,2023-12-21 12:21:05,buy,53.87,20990,make_a_deal
be939aa305ac90bddee4658b2341388c,2023-10-13,270415.17260586144,15363,52.85,54.79,2023-12-21 12:21:05,sell,54.72,5627,make_a_deal
be939aa305ac90bddee4658b2341388c,2023-10-13,270415.17260586144,17993,52.85,54.79,2023-12-21 12:21:05,buy,53.17,2630,make_a_deal
be939aa305ac90bddee4658b2341388c,2023-10-16,438449.2058771661,17993,52.33,54.16,2023-12-21 12:21:05,sell,55.14,0,withdraw
be939aa305ac90bddee4658b2341388c,2023-10-16,438449.2058771661,17993,52.33,54.16,2023-12-21 12:21:05,buy,50.81,0,withdraw
be939aa305ac90bddee4658b2341388c,2023-10-17,438449.2058771661,17993,51.91,53.48,2023-12-21 12:21:05,sell,53.93,0,withdraw
be939aa305ac90bddee4658b2341388c,2023-10-17,438449.2058771661,17993,51.91,53.48,2023-12-21 12:21:05,buy,50.43,0,withdraw
be939aa305ac90bddee4658b2341388c,2023-10-18,438449.2058771661,0,51.0,54.33,2023-12-21 12:21:05,sell,53.61,17993,make_a_deal
be939aa305ac90bddee4658b2341388c,2023-10-18,438449.2058771661,0,51.0,54.33,2023-12-21 12:21:05,buy,50.38,0,withdraw
be939aa305ac90bddee4658b2341388c,2023-10-19,1403106.7343318928,0,53.16,55.69,2023-12-21 12:21:05,buy,51.49,0,withdraw
be939aa305ac90bddee4658b2341388c,2023-10-20,1403106.7343318928,20469,50.6,53.06,2023-12-21 12:21:05,buy,51.45,20469,make_a_deal
be939aa305ac90bddee4658b2341388c,2023-10-23,350036.8917730518,20469,49.68,52.55,2023-12-21 12:21:05,sell,52.84,0,withdraw
be939aa305ac90bddee4658b2341388c,2023-10-23,350036.8917730518,20469,49.68,52.55,2023-12-21 12:21:05,buy,48.78,0,withdraw
be939aa305ac90bddee4658b2341388c,2023-10-24,350036.8917730518,14674,46.68,52.67,2023-12-21 12:21:05,sell,52.26,5795,make_a_deal
be939aa305ac90bddee4658b2341388c,2023-10-24,350036.8917730518,21860,46.68,52.67,2023-12-21 12:21:05,buy,47.16,7186,make_a_deal
be939aa305ac90bddee4658b2341388c,2023-10-25,314038.44096531573,13810,46.73,49.71,2023-12-21 12:21:05,sell,47.88,8050,make_a_deal
be939aa305ac90bddee4658b2341388c,2023-10-25,314038.44096531573,13810,46.73,49.71,2023-12-21 12:21:05,buy,45.61,0,withdraw
be939aa305ac90bddee4658b2341388c,2023-10-26,699432.8803772544,13810,44.87,47.64,2023-12-21 12:21:05,sell,48.56,0,withdraw
be939aa305ac90bddee4658b2341388c,2023-10-26,699432.8803772544,25148,44.87,47.64,2023-12-21 12:21:05,buy,46.21,11338,make_a_deal
be939aa305ac90bddee4658b2341388c,2023-10-27,175520.033213467,25148,44.67,46.08,2023-12-21 12:21:05,sell,46.43,0,withdraw
be939aa305ac90bddee4658b2341388c,2023-10-27,175520.033213467,25148,44.67,46.08,2023-12-21 12:21:05,buy,44.27,0,withdraw
be939aa305ac90bddee4658b2341388c,2023-10-30,175520.033213467,25148,44.74,46.09,2023-12-21 12:21:05,sell,46.65,0,withdraw
be939aa305ac90bddee4658b2341388c,2023-10-30,175520.033213467,25148,44.74,46.09,2023-12-21 12:21:05,buy,44.73,0,withdraw
be939aa305ac90bddee4658b2341388c,2023-10-31,175520.033213467,25148,44.5,46.3,2023-12-21 12:21:05,sell,47.04,0,withdraw
be939aa305ac90bddee4658b2341388c,2023-10-31,175520.033213467,27741,44.5,46.3,2023-12-21 12:21:05,buy,44.88,2593,make_a_deal
be939aa305ac90bddee4658b2341388c,2023-11-01,59153.52636101817,27741,44.92,46.15,2023-12-21 12:21:05,sell,46.84,0,withdraw
be939aa305ac90bddee4658b2341388c,2023-11-01,59153.52636101817,27741,44.92,46.15,2023-12-21 12:21:05,buy,44.28,0,withdraw
be939aa305ac90bddee4658b2341388c,2023-11-02,59153.52636101817,27741,44.09,45.44,2023-12-21 12:21:05,sell,46.54,0,withdraw
be939aa305ac90bddee4658b2341388c,2023-11-02,59153.52636101817,27741,44.09,45.44,2023-12-21 12:21:05,buy,42.87,0,withdraw
be939aa305ac90bddee4658b2341388c,2023-11-03,59153.52636101817,27741,44.48,46.33,2023-12-21 12:21:05,sell,46.95,0,withdraw
be939aa305ac90bddee4658b2341388c,2023-11-03,59153.52636101817,27741,44.48,46.33,2023-12-21 12:21:05,buy,42.76,0,withdraw
be939aa305ac90bddee4658b2341388c,2023-11-06,59153.52636101817,3314,45.92,47.89,2023-12-21 12:21:05,sell,47.66,24427,make_a_deal
be939aa305ac90bddee4658b2341388c,2023-11-06,59153.52636101817,3314,45.92,47.89,2023-12-21 12:21:05,buy,44.47,0,withdraw
be939aa305ac90bddee4658b2341388c,2023-11-07,1223458.5726214328,3314,47.05,48.45,2023-12-21 12:21:05,sell,49.06,0,withdraw
be939aa305ac90bddee4658b2341388c,2023-11-07,1223458.5726214328,3314,47.05,48.45,2023-12-21 12:21:05,buy,46.6,0,withdraw
be939aa305ac90bddee4658b2341388c,2023-11-08,1223458.5726214328,1165,47.8,48.99,2023-12-21 12:21:05,sell,48.76,2149,make_a_deal
be939aa305ac90bddee4658b2341388c,2023-11-08,1223458.5726214328,1165,47.8,48.99,2023-12-21 12:21:05,buy,46.67,0,withdraw
be939aa305ac90bddee4658b2341388c,2023-11-09,1328234.5747454297,68,47.98,49.56,2023-12-21 12:21:05,sell,48.6,1097,make_a_deal
be939aa305ac90bddee4658b2341388c,2023-11-09,1328234.5747454297,68,47.98,49.56,2023-12-21 12:21:05,buy,46.73,0,withdraw
be939aa305ac90bddee4658b2341388c,2023-11-10,1381548.7747454296,68,47.27,48.27,2023-12-21 12:21:05,sell,49.31,0,withdraw
be939aa305ac90bddee4658b2341388c,2023-11-10,1381548.7747454296,68,47.27,48.27,2023-12-21 12:21:05,buy,45.99,0,withdraw
be939aa305ac90bddee4658b2341388c,2023-11-13,1381548.7747454296,0,47.82,50.77,2023-12-21 12:21:05,sell,48.48,68,make_a_deal
be939aa305ac90bddee4658b2341388c,2023-11-13,1381548.7747454296,0,47.82,50.77,2023-12-21 12:21:05,buy,45.42,0,withdraw
be939aa305ac90bddee4658b2341388c,2023-11-14,1384845.7516301,0,49.01,50.35,2023-12-21 12:21:05,buy,47.71,0,withdraw
be939aa305ac90bddee4658b2341388c,2023-11-15,1384845.7516301,0,50.1,51.86,2023-12-21 12:21:05,buy,47.8,0,withdraw
be939aa305ac90bddee4658b2341388c,2023-11-16,1384845.7516301,0,49.23,50.3,2023-12-21 12:21:05,buy,47.96,0,withdraw
be939aa305ac90bddee4658b2341388c,2023-11-17,1384845.7516301,0,48.66,49.76,2023-12-21 12:21:05,buy,47.42,0,withdraw
be939aa305ac90bddee4658b2341388c,2023-11-20,1384845.7516301,0,48.81,50.19,2023-12-21 12:21:05,buy,47.98,0,withdraw
be939aa305ac90bddee4658b2341388c,2023-11-21,1384845.7516301,0,48.72,50.05,2023-12-21 12:21:05,buy,47.8,0,withdraw
be939aa305ac90bddee4658b2341388c,2023-11-22,1384845.7516301,0,47.8,48.9,2023-12-21 12:21:05,buy,47.6,0,withdraw
be939aa305ac90bddee4658b2341388c,2023-11-23,1384845.7516301,0,46.81,48.5,2023-12-21 12:21:05,buy,45.96,0,withdraw
be939aa305ac90bddee4658b2341388c,2023-11-24,1384845.7516301,0,45.88,48.47,2023-12-21 12:21:05,buy,45.5,0,withdraw
be939aa305ac90bddee4658b2341388c,2023-11-27,1384845.7516301,0,45.5,46.27,2023-12-21 12:21:05,buy,45.05,0,withdraw
be939aa305ac90bddee4658b2341388c,2023-11-28,1384845.7516301,0,45.15,45.81,2023-12-21 12:21:05,buy,44.28,0,withdraw
be939aa305ac90bddee4658b2341388c,2023-11-29,1384845.7516301,0,44.9,45.77,2023-12-21 12:21:05,buy,44.14,0,withdraw
