rearLowPctChgReal,rearLowPctChgPred,rearHighPctChgReal,rearHighPctChgPred,rearDiffPctChgReal,rearDiffPctChgPred,open,high,low,close,volume,amount,turn,pctChg,remarks,primaryKey,date,code,code_name,isST,insert_timestamp
-1.002,-2.671,5.293,2.851,6.295,5.565,48.15,50.73,48.01,49.88,81624466.0,4063329191.63,3.711,3.1858,,4a3bab42311636c0d40e5033436bff36,2023-03-01,sz.002230,科大讯飞,0,2023-12-18 21:02:14
-2.534,-2.721,2.554,2.691,5.088,5.546,49.55,52.52,49.38,50.9,84403275.0,4336915318.11,3.966,2.0449,,c4833ad2c9a6c36a760985b0b842e74d,2023-03-02,sz.002230,科大讯飞,0,2023-12-18 21:02:14
-2.228,-2.687,0.927,2.594,3.155,5.391,50.3,52.2,49.61,50.71,74281859.0,3770907172.66,3.4904,-0.3733,,9c70a9357d5baa9da0e47cffcf224674,2023-03-03,sz.002230,科大讯飞,0,2023-12-18 21:02:14
-4.014,-2.528,0.517,2.371,4.531,5.116,50.56,51.18,49.58,50.32,45626069.0,2290634126.57,2.1439,-0.7691,,b184c3243917261e0374a22305a4d167,2023-03-06,sz.002230,科大讯飞,0,2023-12-18 21:02:14
-2.601,-2.602,0.102,2.709,2.703,5.395,50.29,50.58,48.3,48.83,45253189.0,2231404674.62,2.1264,-2.961,,1622f7a563ec44824f947ac412449b1e,2023-03-07,sz.002230,科大讯飞,0,2023-12-18 21:02:14
-1.851,-2.359,1.111,2.441,2.962,5.001,48.73,48.88,47.56,48.62,47586709.0,2292046189.83,2.236,-0.4301,,bc077cd60284d315b28a0cdf4af727ca,2023-03-08,sz.002230,科大讯飞,0,2023-12-18 21:02:14
-2.651,-2.331,1.222,2.312,3.873,4.791,48.71,49.16,47.72,48.28,36465197.0,1763326355.84,1.7134,-0.6993,,8088b8177e3362a6cb4adf001e529f04,2023-03-09,sz.002230,科大讯飞,0,2023-12-18 21:02:14
-1.113,-2.612,3.611,2.393,4.724,5.142,47.6,48.87,47.0,47.63,49293288.0,2349189985.22,2.3162,-1.3463,,64f5e6fb0147a8d02c6beab685a9134c,2023-03-10,sz.002230,科大讯飞,0,2023-12-18 21:02:14
-3.679,-2.694,-0.102,2.579,3.577,5.439,47.5,49.35,47.1,49.2,61095573.0,2968069194.7,2.8708,3.2962,,9f83b44511d1d27698415e30dd3c0563,2023-03-13,sz.002230,科大讯飞,0,2023-12-18 21:02:14
-0.415,-2.528,4.631,2.592,5.047,5.184,48.8,49.15,47.39,48.15,45798050.0,2207796879.55,2.152,-2.1341,,3ce42ac92ed99a8a5830e0b5188818c2,2023-03-14,sz.002230,科大讯飞,0,2023-12-18 21:02:14
-2.221,-2.45,3.944,2.479,6.164,5.109,49.2,50.38,47.95,48.18,58476089.0,2867222805.8,2.7477,0.0623,,28279eadb7536332e9723aed6c3d786a,2023-03-15,sz.002230,科大讯飞,0,2023-12-18 21:02:14
2.189,-2.599,9.658,2.624,7.469,5.291,47.4,50.08,47.11,48.87,70633747.0,3460875357.83,3.319,1.4321,,826d6c165d9428ea39c07081093e1de5,2023-03-16,sz.002230,科大讯飞,0,2023-12-18 21:02:14
-2.544,-3.068,1.932,3.266,4.476,6.322,49.98,53.59,49.94,52.28,116750069.0,6080935514.29,5.4859,6.9777,,f342629bf9a494d026f352b613f43c8e,2023-03-17,sz.002230,科大讯飞,0,2023-12-18 21:02:14
-2.506,-2.803,1.527,2.615,4.033,5.479,52.5,53.29,50.95,51.08,75932252.0,3970446495.13,3.5679,-2.2953,,d68eda216107308ef9f0224e662a550b,2023-03-20,sz.002230,科大讯飞,0,2023-12-18 21:02:14
-2.44,-2.568,1.436,2.448,3.876,5.192,51.1,51.86,49.8,50.82,55768980.0,2834318008.12,2.6205,-0.509,,41196e7d079a0a1c744f3a6f429d916b,2023-03-21,sz.002230,科大讯飞,0,2023-12-18 21:02:14
-0.252,-1.815,10.01,1.76,10.262,3.821,50.0,51.55,49.58,51.55,68251222.0,3462691751.31,3.207,1.4364,,088be54402a71843c2ea1ce88430bf98,2023-03-22,sz.002230,科大讯飞,0,2023-12-18 21:02:14
-0.37,-2.939,7.265,5.337,7.635,8.333,52.0,56.71,51.42,56.71,150676565.0,8290109496.01,7.08,10.0097,,85c7a427805ba02f90e82dfca0d17185,2023-03-23,sz.002230,科大讯飞,0,2023-12-18 21:02:14
-2.532,-3.192,3.382,3.263,5.915,6.323,57.0,60.83,56.5,60.02,141482403.0,8249835538.6,6.648,5.8367,,a1f35676988dc954eede028368444e64,2023-03-24,sz.002230,科大讯飞,0,2023-12-18 21:02:14
-4.185,-3.093,-0.182,2.681,4.003,5.872,59.19,62.05,58.5,60.46,123458207.0,7443330220.31,5.8011,0.7331,,ce3adc0e183d4baa2649e45aaf102bc8,2023-03-27,sz.002230,科大讯飞,0,2023-12-18 21:02:14
-2.507,-2.883,4.396,3.163,6.902,5.89,59.21,60.35,57.93,58.24,80781508.0,4771641727.27,3.7958,-3.6718,,32e31e43a089fb4d845fd68b7f22a81e,2023-03-28,sz.002230,科大讯飞,0,2023-12-18 21:02:14
-3.038,-2.797,1.586,2.898,4.624,5.812,57.78,60.8,56.78,59.25,103826791.0,6106902149.32,4.8786,1.7342,,cdce4631cb364cd9d152ac0afb8d472d,2023-03-29,sz.002230,科大讯飞,0,2023-12-18 21:02:14
-2.178,-2.682,9.171,2.593,11.349,5.32,59.0,60.19,57.45,58.77,64475592.0,3790552542.39,3.0296,-0.8101,,171eb784601d7f14492b5868fdfcbddb,2023-03-30,sz.002230,科大讯飞,0,2023-12-18 21:02:14
2.607,-3.109,8.982,3.263,6.376,6.723,58.68,64.16,57.49,63.68,110212999.0,6759843410.89,5.1787,8.3546,,2c7289ecae673ba9ff731140ec5eff38,2023-03-31,sz.002230,科大讯飞,0,2023-12-18 21:02:14
-7.027,-3.243,1.154,2.955,8.182,6.806,66.0,69.4,65.34,69.3,136890488.0,9229453694.69,6.4322,8.8254,,09ab92269abf4df83f7bd47cf54bfc8a,2023-04-03,sz.002230,科大讯飞,0,2023-12-18 21:02:14
-4.097,-3.174,-0.288,3.3,3.809,6.29,68.55,70.1,64.43,65.9,120214252.0,8110502760.87,5.6487,-4.9062,,3e63ff2c1cce01c748739d04dccd97df,2023-04-04,sz.002230,科大讯飞,0,2023-12-18 21:02:14
-1.375,-3.729,4.142,2.627,5.517,5.5,64.17,65.71,63.2,63.98,84770745.0,5455377206.07,3.9832,-2.9135,,674685dcc282c6b884b6c45809d3c3fd,2023-04-06,sz.002230,科大讯飞,0,2023-12-18 21:02:14
-10.0,-2.776,-1.099,2.808,8.901,5.439,64.79,66.63,63.1,65.5,69224030.0,4501211597.49,3.2527,2.3757,,de9af7ac8fdbbede0c44dc373a127bd5,2023-04-07,sz.002230,科大讯飞,0,2023-12-18 21:02:14
-0.628,-5.789,4.377,2.295,5.004,7.033,64.65,64.78,58.95,58.95,111235028.0,6778609826.14,5.2267,-10.0,,7ce53cd0c41ea0872cfd4e1008d69efe,2023-04-10,sz.002230,科大讯飞,0,2023-12-18 21:02:14
-1.086,-2.853,3.926,2.703,5.013,5.616,59.0,61.53,58.58,59.85,89788309.0,5383179070.61,4.219,1.5267,,b8b4bd3773f8f7087f36102e14943fd7,2023-04-11,sz.002230,科大讯飞,0,2023-12-18 21:02:14
-4.584,-2.777,-0.907,2.873,3.677,5.605,59.5,62.2,59.2,61.74,78409211.0,4798331731.6,3.6843,3.1579,,9ec0000c3adb02125236839355b2c2ed,2023-04-12,sz.002230,科大讯飞,0,2023-12-18 21:02:14
-3.029,-2.789,2.217,2.836,5.246,5.462,60.87,61.18,58.91,59.09,72101394.0,4307269088.23,3.3879,-4.2922,,60d55d0af22afdc1f2d9a3c761bc7bc6,2023-04-13,sz.002230,科大讯飞,0,2023-12-18 21:02:14
-3.346,-2.739,-0.084,2.6,3.261,5.355,59.3,60.4,57.3,59.18,68678167.0,4034569415.86,3.2271,0.1523,,def1c5bad83ac6848eaa096de2b840cc,2023-04-14,sz.002230,科大讯飞,0,2023-12-18 21:02:14
-1.151,-2.716,4.293,2.518,5.444,5.331,58.97,59.13,57.2,58.23,58440874.0,3384933657.49,2.746,-1.6053,,0aa11cdd5d667b3c49629c7b9419726f,2023-04-17,sz.002230,科大讯飞,0,2023-12-18 21:02:14
-2.744,-2.818,1.707,2.727,4.451,5.523,58.6,60.73,57.56,59.76,70458994.0,4175228553.87,3.3107,2.6275,,b90e43ff2f51e0032691643ccb1c6471,2023-04-18,sz.002230,科大讯飞,0,2023-12-18 21:02:14
-1.111,-2.673,9.725,2.771,10.836,5.411,59.14,60.78,58.12,58.51,78471479.0,4659004624.24,3.6872,-2.0917,,207389711a674af5fa27d95febbb06d3,2023-04-19,sz.002230,科大讯飞,0,2023-12-18 21:02:14
-9.539,-3.123,4.613,4.929,14.152,8.079,58.25,64.2,57.86,63.95,124156828.0,7614780419.49,5.8339,9.2976,,26f2bd550feb9d279bf613136fb0f8c5,2023-04-20,sz.002230,科大讯飞,0,2023-12-18 21:02:14
-0.017,-3.17,5.1,2.797,5.117,6.204,65.0,66.9,57.85,58.04,159104626.0,9852330811.86,7.4772,-9.2416,,31ba965f83c4513e9380ea71e82d295d,2023-04-21,sz.002230,科大讯飞,0,2023-12-18 21:02:14
-0.306,-2.944,5.956,2.615,6.263,5.601,58.3,61.0,58.03,58.76,95428351.0,5673986453.69,4.4847,1.2405,,a2c9427f458690918de7ad9cf64acb45,2023-04-24,sz.002230,科大讯飞,0,2023-12-18 21:02:14
-8.485,-2.998,2.338,2.884,10.822,5.903,58.6,62.26,58.58,61.17,105868955.0,6421291815.12,4.9754,4.1014,,00e4efb62ce646b4004d4e2dcbf3f141,2023-04-25,sz.002230,科大讯飞,0,2023-12-18 21:02:14
-4.791,-2.942,1.439,3.067,6.23,6.08,62.0,62.6,55.98,56.98,116552398.0,6845948272.87,5.4775,-6.8498,,09b25b371ad3b498e3b12e6db097165c,2023-04-26,sz.002230,科大讯飞,0,2023-12-18 21:02:14
-0.65,-2.817,10.007,2.757,10.658,5.526,55.95,57.8,54.25,55.36,87424565.0,4855002717.29,4.1086,-2.8431,,c75f0db42650484b10790e0df5092991,2023-04-27,sz.002230,科大讯飞,0,2023-12-18 21:02:14
-4.983,-2.971,1.634,5.097,6.617,7.612,55.36,60.9,55.0,60.6,106469723.0,6231632534.46,5.0036,9.4653,,6755389b5445a565dd03844a50efcecc,2023-04-28,sz.002230,科大讯飞,0,2023-12-18 21:02:14
-4.484,-3.798,2.684,2.229,7.168,5.818,60.48,61.59,57.58,59.99,83036940.0,4919842117.14,3.9024,-1.0066,,3ccdde18eb47d54b0c8fe80a20d4ca3b,2023-05-04,sz.002230,科大讯飞,0,2023-12-18 21:02:14
2.153,-2.911,10.009,2.683,7.855,5.505,59.25,61.6,57.3,58.05,76213234.0,4509181229.8,3.5817,-3.2339,,224f1690208ecd6ff6f321faa3b45685,2023-05-05,sz.002230,科大讯飞,0,2023-12-18 21:02:14
-1.441,-2.873,4.557,5.298,5.997,8.239,60.46,63.86,59.3,63.86,138917910.0,8706685332.7,6.5285,10.0086,,c1bfe6bf169d2809ecdaf945b88ebfba,2023-05-08,sz.002230,科大讯飞,0,2023-12-18 21:02:14
-2.318,-3.064,4.014,2.773,6.332,6.081,65.3,66.77,62.94,64.28,138239787.0,8987452842.7,6.4967,0.6577,,677e06e167372dc6791a1af9368e8688,2023-05-09,sz.002230,科大讯飞,0,2023-12-18 21:02:14
-8.281,-2.797,1.757,2.849,10.038,5.817,64.41,66.86,62.79,65.45,108835436.0,7067612229.47,5.1148,1.8202,,1054664e2068960f562b8c0c2b86059e,2023-05-10,sz.002230,科大讯飞,0,2023-12-18 21:02:14
-1.06,-2.965,4.545,2.901,5.605,5.738,65.5,66.6,60.03,62.27,108976870.0,6817791135.17,5.1214,-4.8587,,c630dc077922bb49cbd1bae3723ab746,2023-05-11,sz.002230,科大讯飞,0,2023-12-18 21:02:14
-3.21,-2.814,2.625,2.829,5.835,5.579,62.25,65.1,61.61,63.24,82836266.0,5264846962.03,3.8929,1.5577,,33f7eefbf523482000892a6255f52193,2023-05-12,sz.002230,科大讯飞,0,2023-12-18 21:02:14
-7.825,-2.793,-0.626,2.59,7.199,5.412,64.5,64.9,61.21,63.9,75605752.0,4736662278.32,3.5531,1.0436,,441474d8ca2acbe5af9934fe026701fc,2023-05-15,sz.002230,科大讯飞,0,2023-12-18 21:02:14
-3.552,-3.03,0.812,3.653,4.364,6.56,63.1,63.5,58.9,59.12,97069542.0,5922784181.81,4.5618,-7.4804,,5e70c83eaf99957dbe2cb9cff88d0cbe,2023-05-16,sz.002230,科大讯飞,0,2023-12-18 21:02:14
-1.166,-2.647,6.703,2.737,7.869,5.373,59.08,59.6,57.02,58.33,72586782.0,4228517854.29,3.4113,-1.3363,,e9296fe295454750e4328ba8870b214b,2023-05-17,sz.002230,科大讯飞,0,2023-12-18 21:02:14
-2.549,-2.902,0.997,2.963,3.546,5.761,58.53,62.24,57.65,61.19,85217974.0,5164542574.01,4.0049,4.9031,,45091058009db4e604526dc74422d593,2023-05-18,sz.002230,科大讯飞,0,2023-12-18 21:02:14
-3.204,-2.749,0.901,2.5,4.105,5.28,60.82,61.8,59.63,59.92,48427466.0,2934743884.6,2.2759,-2.0755,,497f29a309d6d80e12094cebfcec6231,2023-05-19,sz.002230,科大讯飞,0,2023-12-18 21:02:14
-2.345,-2.647,2.226,2.482,4.57,5.253,60.03,60.46,58.0,58.86,45089016.0,2659317822.53,2.119,-1.769,,aa8b8a43b41d29cb929d57745a5cc1f4,2023-05-22,sz.002230,科大讯飞,0,2023-12-18 21:02:14
-9.46,-2.605,0.795,2.468,10.256,5.177,58.83,60.17,57.48,59.09,45097559.0,2659514621.59,2.1194,0.3908,,91c1ab8b445f717273af1a34baba6066,2023-05-23,sz.002230,科大讯飞,0,2023-12-18 21:02:14
-3.836,-2.847,0.141,2.972,3.977,5.777,59.08,59.56,53.5,56.57,110471930.0,6232977896.23,5.1917,-4.2647,,338db39d58f5d12c2fc36d29218d6f5f,2023-05-24,sz.002230,科大讯飞,0,2023-12-18 21:02:14
-1.672,-2.718,2.607,2.715,4.28,5.385,55.7,56.65,54.4,55.61,73903411.0,4098201322.58,3.4731,-1.697,,9cf9755a5f1914f2da759decc732397e,2023-05-25,sz.002230,科大讯飞,0,2023-12-18 21:02:14
-2.702,-2.668,2.243,2.707,4.944,5.353,55.72,57.06,54.68,56.63,56309256.0,3166622300.27,2.6463,1.8342,,35c885416d2fbb441ef6abe6b4fa7a43,2023-05-26,sz.002230,科大讯飞,0,2023-12-18 21:02:14
-0.107,-2.671,8.489,2.494,8.596,5.293,57.3,57.9,55.1,55.84,51735864.0,2910531932.25,2.4314,-1.395,,5bde05d6f297959bdd60db1ea5fc7445,2023-05-29,sz.002230,科大讯飞,0,2023-12-18 21:02:14
-1.827,-3.028,0.399,3.038,2.226,6.528,56.03,60.58,55.78,60.2,102338959.0,5991606798.55,4.8095,7.808,,dc96ebd384d9b2a07e9f20ec576a1415,2023-05-30,sz.002230,科大讯飞,0,2023-12-18 21:02:14
0.736,-2.557,10.008,2.589,9.272,5.289,59.89,60.44,59.1,59.75,59836743.0,3576003156.33,2.8121,-0.7475,,d655c199a4a754b9e10f00aabf0932b6,2023-05-31,sz.002230,科大讯飞,0,2023-12-18 21:02:14
-0.228,-2.685,2.358,5.441,2.586,7.555,60.6,65.73,60.19,65.73,98116916.0,6260871921.88,4.6111,10.0084,,f071ee29cea8413d63709242dad6785b,2023-06-01,sz.002230,科大讯飞,0,2023-12-18 21:02:14
-2.455,-2.989,0.539,2.926,2.994,5.948,66.38,67.28,65.58,66.8,111859053.0,7430883271.66,5.2569,1.6279,,cc2fbe66bc1fe784d6b21992dcf6da7a,2023-06-02,sz.002230,科大讯飞,0,2023-12-18 21:02:14
-5.801,-2.821,-0.12,2.588,5.682,5.488,66.1,67.16,65.16,66.88,78270205.0,5188852932.53,3.6784,0.1198,,58c717f6cc5e00e1ecb3d4f33c9bbf7e,2023-06-05,sz.002230,科大讯飞,0,2023-12-18 21:02:14
1.258,-3.004,3.695,3.359,2.437,6.15,66.59,66.8,63.0,63.6,92039370.0,5944949892.43,4.3257,-4.9043,,d9f0b79ed3f1738acabfeed57e50daf6,2023-06-06,sz.002230,科大讯飞,0,2023-12-18 21:02:14
-3.511,-2.708,-0.508,2.785,3.003,5.519,64.87,65.95,64.4,64.94,72581349.0,4722783553.05,3.4112,2.1069,,14a555795971e7f8095a3c635b1c5428,2023-06-07,sz.002230,科大讯飞,0,2023-12-18 21:02:14
-1.884,-2.632,4.47,2.528,6.354,5.242,64.02,64.61,62.66,64.21,54491541.0,3465962149.31,2.561,-1.1241,,4d8ad77eb612c18be3b6c3b14576e3d9,2023-06-08,sz.002230,科大讯飞,0,2023-12-18 21:02:14
0.211,-3.099,5.652,3.044,5.441,5.989,64.33,67.08,63.0,66.35,116603388.0,7621901683.76,5.4802,3.3328,,496fee83f37b7f80e35217d05746a9af,2023-06-09,sz.002230,科大讯飞,0,2023-12-18 21:02:14
-2.161,-3.19,9.927,2.786,12.088,6.169,67.7,70.1,66.49,68.5,132580811.0,9101060014.95,6.2311,3.2404,,ea2acdbe4ba1d5a26d2b9543ba2c4d3f,2023-06-12,sz.002230,科大讯飞,0,2023-12-18 21:02:14
-1.349,-3.06,0.681,4.779,2.031,8.024,67.23,75.3,67.02,74.85,158395779.0,11578344009.81,7.4444,9.2701,,588115ac8db310ca2cf0c9aea5c22814,2023-06-13,sz.002230,科大讯飞,0,2023-12-18 21:02:14
-4.299,-2.792,0.719,2.786,5.018,5.785,74.0,75.36,73.84,75.13,103276083.0,7707370278.22,4.8539,0.3741,,493cff8cf5574eec945ec6538ae8483d,2023-06-14,sz.002230,科大讯飞,0,2023-12-18 21:02:14
-0.631,-2.893,3.458,2.713,4.089,5.54,75.28,75.67,71.9,72.88,91856347.0,6753719406.48,4.3171,-2.9948,,be0cc4f5a11e21152ff12c7469f7484a,2023-06-15,sz.002230,科大讯飞,0,2023-12-18 21:02:14
-2.503,-2.887,3.512,2.826,6.015,5.657,73.0,75.4,72.42,74.31,86905768.0,6440055759.29,4.0845,1.9621,,f459a8a25ea3a7792ea390254d3bb82b,2023-06-16,sz.002230,科大讯飞,0,2023-12-18 21:02:14
-1.455,-2.968,8.466,2.594,9.921,5.67,73.0,76.92,72.45,75.6,96899286.0,7248051184.15,4.5542,1.736,,140472ef235b1713e0ded331fc5c3382,2023-06-19,sz.002230,科大讯飞,0,2023-12-18 21:02:14
-3.973,-3.115,1.2,2.835,5.173,5.856,75.0,82.0,74.5,80.8,129543203.0,10214702509.02,6.0884,6.8783,,7d0a919a4e51d5aec5d181cfdbd293b9,2023-06-20,sz.002230,科大讯飞,0,2023-12-18 21:02:14
-7.332,-2.766,0.966,2.838,8.299,5.578,79.99,81.77,77.59,77.6,94836955.0,7525339511.63,4.4572,-3.9604,,7b759047097b3364499058ef3093f81c,2023-06-21,sz.002230,科大讯飞,0,2023-12-18 21:02:14
-2.966,-3.302,1.725,2.751,4.691,6.219,76.25,78.35,71.91,72.48,103786644.0,7733680189.84,4.8779,-6.5979,,3c908dbd8653472d7029e515e4f29c36,2023-06-26,sz.002230,科大讯飞,0,2023-12-18 21:02:14
-6.945,-2.744,-0.759,2.574,6.185,5.336,73.26,73.73,70.33,72.43,64798096.0,4660619687.53,3.0454,-0.069,,e430b513c6b216bdd0c863e31decbb5f,2023-06-27,sz.002230,科大讯飞,0,2023-12-18 21:02:14
-3.129,-2.787,1.471,2.847,4.6,5.578,71.79,71.88,67.4,69.35,96275179.0,6633760700.74,4.5246,-4.2524,,f5b133f36dccaa9e4e9f313060d82518,2023-06-28,sz.002230,科大讯飞,0,2023-12-18 21:02:14
-4.2,-2.755,-0.029,2.653,4.171,5.432,70.17,70.37,67.18,69.05,77321695.0,5310232301.61,3.6338,-0.4326,,095fe1cb26811aee889b0fbfa57afc82,2023-06-29,sz.002230,科大讯飞,0,2023-12-18 21:02:14
-6.592,-2.21,0.868,1.89,7.46,4.25,68.01,69.03,66.15,67.96,86205102.0,5819472316.41,4.0513,-1.5786,,2fcff55e989872680870499a175e9f50,2023-06-30,sz.002230,科大讯飞,0,2023-12-18 21:02:14
-1.71,-3.037,2.27,2.754,3.98,5.844,68.2,68.55,63.48,66.08,101401382.0,6653381347.9,4.7655,-2.7663,,ca194ee16ce8fab68204ef193e514570,2023-07-03,sz.002230,科大讯飞,0,2023-12-18 21:02:14
-2.991,-2.744,0.105,2.572,3.096,5.336,66.08,67.58,64.95,66.54,66066133.0,4383302585.6,3.1049,0.6961,,a06d3aee26bdd139bc837d41ac49e239,2023-07-04,sz.002230,科大讯飞,0,2023-12-18 21:02:14
-0.124,-2.555,6.818,2.628,6.942,5.224,65.97,66.61,64.55,64.68,56394287.0,3683897124.83,2.6503,-2.649,,f6c231c8d65c66642ac9c8ffe9db288c,2023-07-05,sz.002230,科大讯飞,0,2023-12-18 21:02:14
-4.513,-3.021,4.245,2.901,8.758,5.885,64.6,69.09,64.6,67.14,103623800.0,6978226377.28,4.8699,3.8033,,0186ff3f327326819ff38eb9b55534e5,2023-07-06,sz.002230,科大讯飞,0,2023-12-18 21:02:14
-4.3,-2.96,-1.035,2.938,3.265,5.886,67.19,69.99,64.11,68.61,108818735.0,7339788985.26,5.1141,2.1895,,6b8b591b900ace5660719e92fbf30265,2023-07-07,sz.002230,科大讯飞,0,2023-12-18 21:02:14
0.0,-2.92,5.767,2.726,5.767,5.565,67.71,67.9,65.66,65.89,73591689.0,4882647418.45,3.4585,-3.9644,,53cb4107969b52f747fe7e863793954e,2023-07-10,sz.002230,科大讯飞,0,2023-12-18 21:02:14
-2.183,-3.02,0.911,3.007,3.094,5.917,65.9,69.69,65.89,69.17,98933568.0,6777281283.93,4.6495,4.978,,9c37e8259361038114d6f6010f0060eb,2023-07-11,sz.002230,科大讯飞,0,2023-12-18 21:02:14
-4.798,-2.685,1.952,2.762,6.75,5.42,68.19,69.8,67.66,68.15,81473991.0,5575304283.65,3.829,-1.4746,,7b6c40ae215f8b11bcf84607adc5679e,2023-07-12,sz.002230,科大讯飞,0,2023-12-18 21:02:14
0.819,-2.97,5.604,2.746,4.785,5.892,68.35,69.48,64.88,68.34,112755052.0,7507820136.15,5.2991,0.2788,,4a50b7814977704aeb930c8d1e97d055,2023-07-13,sz.002230,科大讯飞,0,2023-12-18 21:02:14
-2.009,-2.998,2.579,2.962,4.588,5.873,69.0,72.17,68.9,70.19,100301627.0,7106430365.53,4.7138,2.7071,,3dd078e3c9530109be8962c3c55138fa,2023-07-14,sz.002230,科大讯飞,0,2023-12-18 21:02:14
-4.143,-2.699,1.0,2.441,5.143,5.244,69.05,72.0,68.78,70.0,53602046.0,3768444071.72,2.5191,-0.2707,,5bbac00d068c0fde8a68878feb9175e5,2023-07-17,sz.002230,科大讯飞,0,2023-12-18 21:02:14
0.477,-2.889,5.02,3.128,4.543,5.845,70.1,70.7,67.1,67.13,61372310.0,4215092082.33,2.8843,-4.1,,d67808894adedb82e12bfafcbcff1d64,2023-07-18,sz.002230,科大讯飞,0,2023-12-18 21:02:14
-5.579,-2.56,0.797,2.559,6.375,5.273,69.36,70.5,67.45,67.76,55907146.0,3846273301.06,2.6274,0.9385,,d77788123444f9356fdf24a710f2c3e0,2023-07-19,sz.002230,科大讯飞,0,2023-12-18 21:02:14
-1.015,-2.879,2.545,2.935,3.56,5.662,68.05,68.3,63.98,64.05,78239167.0,5120828255.05,3.6769,-5.4752,,d856eb042aaa65446d4c730687676bd4,2023-07-20,sz.002230,科大讯飞,0,2023-12-18 21:02:14
-2.973,-2.604,1.796,2.409,4.769,5.181,63.77,65.68,63.4,64.58,43948807.0,2835459893.33,2.0654,0.8275,,70915a84e21cb589e5c59517cf2d9b48,2023-07-21,sz.002230,科大讯飞,0,2023-12-18 21:02:14
-0.552,-2.734,2.823,2.52,3.375,5.328,64.0,65.74,62.66,63.41,58154345.0,3720748979.96,2.733,-1.8117,,6c8d1bba56509e33d319e39e2fdc9b57,2023-07-24,sz.002230,科大讯飞,0,2023-12-18 21:02:14
-3.39,-2.663,-0.171,2.514,3.219,5.254,64.45,65.2,63.06,64.31,52614422.0,3378609810.63,2.4727,1.4193,,f930ed7fcbfd17199ee76386476b4895,2023-07-25,sz.002230,科大讯飞,0,2023-12-18 21:02:14
-0.989,-1.72,1.228,1.718,2.216,3.652,64.0,64.2,62.13,62.72,51964464.0,3271154996.56,2.4421,-2.4724,,67aebdd78a7395516b36f8000c38ccf4,2023-07-26,sz.002230,科大讯飞,0,2023-12-18 21:02:14
-1.107,-1.497,1.524,1.374,2.63,3.008,62.7,63.49,62.1,62.35,31157662.0,1952652719.83,1.4643,-0.5899,,c27ed65103789166d2ec7ed0764e8d5f,2023-07-27,sz.002230,科大讯飞,0,2023-12-18 21:02:14
-1.57,-2.489,2.002,2.378,3.572,5.006,62.1,63.3,61.66,62.43,35964028.0,2247705528.13,1.6902,0.1283,,c7f6619fc7d8f3b47328a993d17bfb47,2023-07-28,sz.002230,科大讯飞,0,2023-12-18 21:02:14
-6.489,-2.607,-1.781,2.417,4.707,5.177,62.43,63.68,61.45,62.88,45398937.0,2854344536.66,2.1336,0.7208,,30d1004fbb2525e5e2878603033a9c70,2023-07-31,sz.002230,科大讯飞,0,2023-12-18 21:02:14
-0.247,-2.959,3.205,2.986,3.451,5.879,61.1,61.76,58.8,60.85,90880195.0,5468125513.31,4.271,-3.2284,,b136bce0f53ad8af13f60b1ab5e26082,2023-08-01,sz.002230,科大讯飞,0,2023-12-18 21:02:14
-1.359,-1.455,1.86,1.457,3.219,3.405,60.85,62.8,60.7,61.82,42086647.0,2596945543.8,1.9779,1.5941,,a9713d9fe6fa1a94fcf413d03a7b088a,2023-08-02,sz.002230,科大讯飞,0,2023-12-18 21:02:14
-0.483,-2.309,2.671,2.261,3.154,4.703,61.09,62.97,60.98,62.14,28042385.0,1741412433.02,1.3179,0.5176,,c0f3dc389e628d9976b49d8e629a07a0,2023-08-03,sz.002230,科大讯飞,0,2023-12-18 21:02:14
0.237,-2.609,2.653,2.669,2.416,5.278,62.28,63.8,61.84,63.32,44850669.0,2834322475.59,2.1078,1.8989,,99b3bcceb19a10c2d832d7732fe172b8,2023-08-04,sz.002230,科大讯飞,0,2023-12-18 21:02:14
-0.533,-2.607,1.364,2.417,1.897,5.177,64.0,65.0,63.47,63.8,47069928.0,3028083665.16,2.2121,0.7581,,3419a238f43d12795fdc137b53698f2a,2023-08-07,sz.002230,科大讯飞,0,2023-12-18 21:02:14
-1.211,-2.324,2.187,2.258,3.398,4.605,63.8,64.67,63.46,63.57,26139375.0,1673325390.5,1.2285,-0.3605,,03b9c489440bb3a3a9e975c14583a011,2023-08-08,sz.002230,科大讯飞,0,2023-12-18 21:02:14
-2.267,-2.478,-0.156,2.508,2.111,5.177,63.37,64.96,62.8,63.95,45192764.0,2902559634.54,2.1239,0.5978,,1a19f055f20c4e031b26c1eab4b42358,2023-08-09,sz.002230,科大讯飞,0,2023-12-18 21:02:14
-1.947,-2.381,1.709,2.38,3.656,4.882,63.28,63.85,62.5,63.19,33418948.0,2107351965.72,1.5706,-1.1884,,0c7c6593d096911c8e7cd986962247bd,2023-08-10,sz.002230,科大讯飞,0,2023-12-18 21:02:14
-1.597,-2.594,3.274,2.269,4.871,4.834,63.5,64.27,61.96,62.0,27685192.0,1744150385.27,1.3011,-1.8832,,0adb4ab97062e11313122ac68ac658b0,2023-08-11,sz.002230,科大讯飞,0,2023-12-18 21:02:14
-2.157,-2.693,1.516,2.598,3.673,5.415,61.21,64.03,61.01,63.98,50839390.0,3193184798.64,2.3893,3.1935,,41a9fbc00ac289c735648a748b17be17,2023-08-14,sz.002230,科大讯飞,0,2023-12-18 21:02:14
-10.0,-2.684,-0.469,2.55,9.531,5.292,63.76,64.95,62.6,64.0,60984828.0,3899196523.27,2.8661,0.0313,,08c13a54446ac314e1e87d4dc51f74b5,2023-08-15,sz.002230,科大讯飞,0,2023-12-18 21:02:14
-2.975,-3.294,1.265,3.116,4.241,6.597,63.16,63.7,57.6,58.48,103299701.0,6134832512.41,4.8547,-8.625,,d4e607d0e7c9b8454b626f4b96f5d8b5,2023-08-16,sz.002230,科大讯飞,0,2023-12-18 21:02:14
-4.267,-2.644,0.578,2.528,4.844,5.262,57.58,59.22,56.74,58.83,59279472.0,3444521958.47,2.7859,0.5985,,f8d2fc8314fece77390129d56de0d198,2023-08-17,sz.002230,科大讯飞,0,2023-12-18 21:02:14
-1.729,-2.921,1.376,2.61,3.105,5.508,58.6,59.17,56.32,56.68,49643571.0,2842882471.56,2.3331,-3.6546,,991d35db2d1163ccfce748489d46fc4f,2023-08-18,sz.002230,科大讯飞,0,2023-12-18 21:02:14
-0.626,-2.603,2.862,2.403,3.488,5.183,56.1,57.46,55.7,55.9,40838466.0,2311762047.08,1.9193,-1.3761,,e62d142a9b66fe17fab74f4ca01b8104,2023-08-21,sz.002230,科大讯飞,0,2023-12-18 21:02:14
-5.672,-2.658,-0.716,2.576,4.956,5.273,56.5,57.5,55.55,57.3,46675663.0,2641823647.97,2.1936,2.5045,,6a45ee03b0ccc55b5c360a3d6629f361,2023-08-22,sz.002230,科大讯飞,0,2023-12-18 21:02:14
-1.809,-2.697,1.329,2.864,3.138,5.518,56.8,56.89,54.05,54.17,55490575.0,3058474134.61,2.6079,-5.4625,,05efa93b96c07be9a83b8139dad7db05,2023-08-23,sz.002230,科大讯飞,0,2023-12-18 21:02:14
-4.371,-2.573,-0.375,2.532,3.996,5.202,54.8,54.89,53.19,53.3,50330654.0,2727924422.67,2.3654,-1.6061,,b8046aad692db38e4b31302d62bf2091,2023-08-24,sz.002230,科大讯飞,0,2023-12-18 21:02:14
-1.733,-2.877,7.066,2.635,8.799,5.507,52.56,53.1,50.97,51.37,57300376.0,2966498509.15,2.6929,-3.621,,60100b535dfc296c68cbc0b4fb9be379,2023-08-25,sz.002230,科大讯飞,0,2023-12-18 21:02:14
-2.338,-2.784,3.429,2.588,5.768,5.429,55.0,55.0,50.48,51.32,77320461.0,4005190237.83,3.6338,-0.0973,,ce3a706a7958a410ed8e8bf62f6e05c2,2023-08-28,sz.002230,科大讯飞,0,2023-12-18 21:02:14
0.288,-2.723,6.896,2.674,6.608,5.507,50.37,53.08,50.12,52.06,78408203.0,4077772018.48,3.6849,1.4419,,c384442118b72a331017503c5757ace3,2023-08-29,sz.002230,科大讯飞,0,2023-12-18 21:02:14
-3.354,-2.918,0.162,3.106,3.516,6.209,52.44,55.65,52.21,55.46,102938652.0,5600192148.13,4.8377,6.5309,,8a0b18aabb02766e3fc3d3972234ae09,2023-08-30,sz.002230,科大讯飞,0,2023-12-18 21:02:14
-2.298,-2.605,0.62,2.542,2.918,5.245,54.85,55.55,53.6,54.83,56866739.0,3110997768.31,2.6725,-1.136,,5f81caa6414636ce36279e5c5760d798,2023-08-31,sz.002230,科大讯飞,0,2023-12-18 21:02:14
-2.575,-2.499,0.533,2.341,3.108,4.964,54.62,55.17,53.57,54.37,34777022.0,1883416521.52,1.6344,-0.839,,5ee9964fa299d6ab1274322801eff045,2023-09-01,sz.002230,科大讯飞,0,2023-12-18 21:02:14
-2.047,-2.746,2.103,2.558,4.15,5.362,54.66,54.66,52.97,53.25,60345991.0,3218091779.1,2.836,-2.06,,ef9b4d4a9bd59b38610878e9e56e3e80,2023-09-04,sz.002230,科大讯飞,0,2023-12-18 21:02:14
-2.597,-2.669,-0.497,2.608,2.101,5.372,53.74,54.37,52.16,52.36,57518006.0,3052951489.2,2.7031,-1.6714,,fdd7eeee2213aa35219e4c3b48fbc201,2023-09-05,sz.002230,科大讯飞,0,2023-12-18 21:02:14
-2.162,-2.356,0.541,2.453,2.703,5.058,52.1,52.1,51.0,51.8,39974564.0,2060346661.6,1.8787,-1.0695,,3ccf8c759e6f4a53062bed01fac53695,2023-09-06,sz.002230,科大讯飞,0,2023-12-18 21:02:14
-2.564,-2.318,0.532,2.419,3.096,4.793,52.0,52.08,50.68,50.71,31142810.0,1592661949.3,1.4636,-2.1042,,1c253bf27b2028e36ebaebf53c61ecc7,2023-09-07,sz.002230,科大讯飞,0,2023-12-18 21:02:14
-0.95,-2.676,6.125,2.394,7.075,5.188,50.6,50.98,49.41,49.47,41859637.0,2088767918.5,1.9672,-2.4453,,18048463be3a9c9fa9c3032cc5078d4d,2023-09-08,sz.002230,科大讯飞,0,2023-12-18 21:02:14
-1.431,-2.809,1.059,2.731,2.49,5.606,49.9,52.5,49.0,51.0,81687348.0,4125286341.63,3.839,3.0928,,9a887732b2ffd8d2663786c0bcf69cc8,2023-09-11,sz.002230,科大讯飞,0,2023-12-18 21:02:14
-3.956,-2.383,-0.413,2.378,3.543,4.929,50.51,51.54,50.27,50.81,36622583.0,1865807920.86,1.7211,-0.3725,,78cae8a7b1eec0458f90f86870f46103,2023-09-12,sz.002230,科大讯飞,0,2023-12-18 21:02:14
-0.831,-2.401,1.034,2.537,1.866,5.076,50.6,50.6,48.8,49.31,43999150.0,2173961333.0,2.0678,-2.9522,,3193d479205e2a63c5f1148f7bba7020,2023-09-13,sz.002230,科大讯飞,0,2023-12-18 21:02:14
-2.404,-2.202,0.693,2.204,3.097,4.53,49.31,49.82,48.9,49.08,26878501.0,1324381802.37,1.2632,-0.4664,,d425e45489f4e915af81ac57d924d3d9,2023-09-14,sz.002230,科大讯飞,0,2023-12-18 21:02:14
-0.666,-2.567,3.29,2.343,3.957,4.989,49.2,49.42,47.9,48.02,37303819.0,1804761427.56,1.7531,-2.1597,,8e09cf9a93f317cade8f1d8fccd4252a,2023-09-15,sz.002230,科大讯飞,0,2023-12-18 21:02:14
-4.217,-2.503,-0.062,2.303,4.155,4.969,48.0,49.6,47.7,48.38,42558755.0,2076124831.42,2.0001,0.7497,,b2d2ed69315697bde25a9f9c94a3c42c,2023-09-18,sz.002230,科大讯飞,0,2023-12-18 21:02:14
-0.599,-2.712,1.455,2.883,2.053,5.58,48.3,48.35,46.34,46.75,63934350.0,3003135633.85,3.0047,-3.3692,,7e289da1909c8807df5fcb95bc539750,2023-09-19,sz.002230,科大讯飞,0,2023-12-18 21:02:14
-0.774,-2.094,2.151,2.296,2.925,4.607,47.03,47.43,46.47,46.5,29697671.0,1394043120.94,1.3957,-0.5348,,76cd34bd289cfa44ddb6dc8acacb9622,2023-09-20,sz.002230,科大讯飞,0,2023-12-18 21:02:14
-0.515,-2.421,7.06,2.312,7.575,4.896,46.24,47.5,46.14,46.6,38526764.0,1805764076.69,1.8106,0.2151,,c80cb6de580dbbfd67310876fb62b70b,2023-09-21,sz.002230,科大讯飞,0,2023-12-18 21:02:14
-1.699,-2.895,1.314,3.162,3.013,5.947,46.6,49.89,46.36,49.45,91560770.0,4454248094.95,4.303,6.1159,,462eb12f7421906d0196babc5c8629ae,2023-09-22,sz.002230,科大讯飞,0,2023-12-18 21:02:14
0.245,-2.57,6.32,2.423,6.075,5.162,49.64,50.1,48.61,48.89,51391650.0,2537795450.3,2.4152,-1.1325,,6383380288d39b6139c64b35e53a0831,2023-09-25,sz.002230,科大讯飞,0,2023-12-18 21:02:14
-1.233,-2.791,0.587,2.863,1.82,5.665,49.01,51.98,49.01,51.1,77984044.0,3978925080.46,3.665,4.5204,,41c2e123eb95833f43865e780f7d6257,2023-09-26,sz.002230,科大讯飞,0,2023-12-18 21:02:14
-0.903,-2.356,1.61,2.448,2.513,5.073,50.6,51.4,50.47,50.93,40268449.0,2049211028.85,1.8925,-0.3327,,0be95ca9211a9e5043ba28b1f758ac6f,2023-09-27,sz.002230,科大讯飞,0,2023-12-18 21:02:14
-0.592,-2.442,2.013,2.378,2.606,5.031,51.24,51.75,50.47,50.66,37953458.0,1932144603.04,1.7837,-0.5301,,caddb1daee92de5be2f7502da46cbe07,2023-09-28,sz.002230,科大讯飞,0,2023-12-18 21:02:14
-1.249,-2.474,4.978,1.829,6.227,4.981,50.77,51.68,50.36,51.23,41886071.0,2142432046.66,1.9685,1.1251,,36c0bc3eedc020c8279aeecbe9a7ab4c,2023-10-09,sz.002230,科大讯飞,0,2023-12-18 21:02:14
-0.639,-2.69,10.01,2.653,10.649,5.429,51.27,53.78,50.59,51.65,72447373.0,3770985339.9,3.4048,0.8198,,229b95c8071b234ec4d1e2c6f46b0a04,2023-10-10,sz.002230,科大讯飞,0,2023-12-18 21:02:14
-4.218,-3.099,-0.415,3.127,3.803,6.437,51.4,56.82,51.32,55.48,145206930.0,8024991286.93,6.8242,7.4153,,cec6f69a37917c539f51acacd6ca51fb,2023-10-11,sz.002230,科大讯飞,0,2023-12-18 21:02:14
-2.634,-2.748,0.94,2.752,3.574,5.52,54.98,55.25,53.14,54.28,85419334.0,4624675811.67,4.0144,-2.1629,,0a2f159b2c9635d6f6d94c0db887451a,2023-10-12,sz.002230,科大讯飞,0,2023-12-18 21:02:14
-1.894,-2.772,1.537,2.494,3.431,5.335,53.86,54.79,52.85,53.34,53346573.0,2866715293.57,2.5071,-1.7318,,03376580acc6414e1f78cbbb3739f0ed,2023-10-13,sz.002230,科大讯飞,0,2023-12-18 21:02:14
-2.057,-2.62,0.906,2.417,2.962,5.2,53.3,54.16,52.33,53.0,48800657.0,2594524419.01,2.2934,-0.6374,,6f07d746bd166e41d8e7978fff23588c,2023-10-16,sz.002230,科大讯飞,0,2023-12-18 21:02:14
-2.635,-2.527,3.723,2.444,6.357,5.192,53.26,53.48,51.91,52.38,40349347.0,2118388049.66,1.8963,-1.1698,,08980fe2fc2da196dc624a5d8b7df6f5,2023-10-17,sz.002230,科大讯飞,0,2023-12-18 21:02:14
-0.58,-2.648,4.152,2.732,4.732,5.439,52.89,54.33,51.0,53.47,69596054.0,3695505026.19,3.2708,2.0809,,335f6cba4e6ae93153a2aaaefa1e66ca,2023-10-18,sz.002230,科大讯飞,0,2023-12-18 21:02:14
-5.948,-2.673,-1.375,2.653,4.572,5.429,53.47,55.69,53.16,53.8,71628614.0,3892155425.48,3.3663,0.6172,,610ab4ff32356643970b7c33e7c922f7,2023-10-19,sz.002230,科大讯飞,0,2023-12-18 21:02:14
-2.741,-2.875,2.878,2.789,5.619,5.677,52.3,53.06,50.6,51.08,75318552.0,3888316687.2,3.5397,-5.0558,,67082bb107d9d95a26c0959ba1b6b069,2023-10-20,sz.002230,科大讯飞,0,2023-12-18 21:02:14
-10.006,-2.606,1.542,2.466,11.548,5.253,51.51,52.55,49.68,51.87,53006319.0,2718698392.66,2.4911,1.5466,,f61969675dcaf6a12c88236a52ea7b7c,2023-10-23,sz.002230,科大讯飞,0,2023-12-18 21:02:14
0.064,-5.672,6.445,2.661,6.381,7.12,52.1,52.67,46.68,46.7,120911075.0,5851606637.58,5.6824,-9.9672,,1bc673001d2fd71143d34096a7ca5110,2023-10-24,sz.002230,科大讯飞,0,2023-12-18 21:02:14
-5.834,-2.699,-0.021,2.73,5.813,5.534,46.73,49.71,46.73,47.65,95142207.0,4619959590.8,4.4713,2.0343,,84c3c6bc9f21a48482469b41a8284f4e,2023-10-25,sz.002230,科大讯飞,0,2023-12-18 21:02:14
-2.297,-2.766,0.787,2.802,3.084,5.521,47.64,47.64,44.87,45.72,91375884.0,4179604583.86,4.2943,-4.0504,,2449c7444ec15bf47f05f062985351ca,2023-10-26,sz.002230,科大讯飞,0,2023-12-18 21:02:14
-1.8,-2.607,1.163,2.483,2.963,5.156,45.32,46.08,44.67,45.56,59931166.0,2714839578.42,2.8165,-0.35,,9913608c8332607967e30a030066b3cd,2023-10-27,sz.002230,科大讯飞,0,2023-12-18 21:02:14
-2.541,-2.576,1.402,2.387,3.942,5.08,45.1,46.09,44.74,45.66,54560262.0,2480226217.19,2.5641,0.2195,,bb9b2f696b700d9dfc3b934b623545d9,2023-10-30,sz.002230,科大讯飞,0,2023-12-18 21:02:14
-1.405,-2.555,1.295,2.483,2.7,5.117,45.7,46.3,44.5,45.56,59396277.0,2678625484.29,2.7914,-0.219,,6e63fe6479383f1d322ff9fac3247fee,2023-10-31,sz.002230,科大讯飞,0,2023-12-18 21:02:14
-1.935,-2.334,1.068,2.426,3.003,4.93,45.45,46.15,44.92,44.96,43086467.0,1955499721.24,2.0249,-1.3169,,07dfb7c24ba13a9398e3f22b2ef4e3bc,2023-11-01,sz.002230,科大讯飞,0,2023-12-18 21:02:14
0.203,-2.418,4.37,2.357,4.168,4.927,45.1,45.44,44.09,44.39,39184179.0,1750208824.67,1.8415,-1.2678,,72c167eaae5d4c3f3534795afdfad164,2023-11-02,sz.002230,科大讯飞,0,2023-12-18 21:02:14
-0.282,-2.69,3.996,2.926,4.278,5.474,44.8,46.33,44.48,46.05,68563119.0,3132499301.89,3.2222,3.7396,,209d75736aec488575c6a2aa6ca9e43c,2023-11-03,sz.002230,科大讯飞,0,2023-12-18 21:02:14
-0.822,-2.686,2.129,2.558,2.951,5.341,46.41,47.89,45.92,47.44,65640417.0,3098811862.68,3.0849,3.0185,,839ffa9bfbad98cd205db95a68be4ad4,2023-11-06,sz.002230,科大讯飞,0,2023-12-18 21:02:14
-0.644,-2.599,1.829,2.527,2.473,5.187,47.21,48.45,47.05,48.11,65720457.0,3137160266.78,3.0886,1.4123,,fe69d783a79a1f6505461f7bb77508b6,2023-11-07,sz.002230,科大讯飞,0,2023-12-18 21:02:14
-1.276,-2.438,1.975,2.492,3.251,5.08,48.38,48.99,47.8,48.6,58233777.0,2822158044.86,2.7368,1.0185,,fd0c66f878adc3c88e0cd61e312e39d7,2023-11-08,sz.002230,科大讯飞,0,2023-12-18 21:02:14
-2.556,-2.458,-0.495,2.402,2.061,5.036,49.0,49.56,47.98,48.51,44975724.0,2185589609.78,2.1137,-0.1852,,f86a92cb6ddd4afbef0200c10e49c16c,2023-11-09,sz.002230,科大讯飞,0,2023-12-18 21:02:14
0.886,-2.581,7.11,2.343,6.224,4.993,48.08,48.27,47.27,47.4,36663288.0,1744702932.6,1.723,-2.2882,,57780ef692f72c8466af5d2c5c95536c,2023-11-10,sz.002230,科大讯飞,0,2023-12-18 21:02:14
-1.269,-2.809,1.43,2.75,2.699,5.677,48.35,50.77,47.82,49.64,82261899.0,4082429221.72,3.866,4.7257,,c189c08c101811f886fa58cd149b81d0,2023-11-13,sz.002230,科大讯飞,0,2023-12-18 21:02:14
0.381,-2.538,3.907,2.438,3.526,5.078,49.96,50.35,49.01,49.91,50944338.0,2528928369.77,2.3942,0.5439,,66766658486c518d83fa3afeb4c1a679,2023-11-14,sz.002230,科大讯飞,0,2023-12-18 21:02:14
-2.321,-2.45,-0.198,2.581,2.123,5.221,50.92,51.86,50.1,50.4,59030600.0,2995728064.58,2.7742,0.9818,,6b87fb3f1c2e18b595f49649c6dae145,2023-11-15,sz.002230,科大讯飞,0,2023-12-18 21:02:14
-1.218,-2.4,1.015,2.419,2.233,4.865,49.97,50.3,49.23,49.26,36481102.0,1811833102.86,1.7145,-2.2619,,0f200e08294e3e295f25899beed3c331,2023-11-16,sz.002230,科大讯飞,0,2023-12-18 21:02:14
-0.793,-2.337,2.012,2.29,2.805,4.792,49.0,49.76,48.66,49.2,33544720.0,1645522512.21,1.5765,-0.1218,,1357a25ff5d0866163c542c96fa7988e,2023-11-17,sz.002230,科大讯飞,0,2023-12-18 21:02:14
-1.913,-2.512,0.765,2.306,2.678,4.965,49.17,50.19,48.81,49.67,41871439.0,2075089061.05,1.9678,0.9553,,15de5383bb7f6c4ff1fea2f12c205278,2023-11-20,sz.002230,科大讯飞,0,2023-12-18 21:02:14
-2.429,-2.35,-0.184,2.342,2.245,4.84,49.69,50.05,48.72,48.99,34089919.0,1681696828.24,1.6021,-1.369,,0b3ba3b762f33d450367d5490b06f416,2023-11-21,sz.002230,科大讯飞,0,2023-12-18 21:02:14
-2.071,-2.222,1.464,2.411,3.536,4.671,48.67,48.9,47.8,47.8,30504504.0,1472893053.34,1.4336,-2.4291,,2e0cd5aa944e84828a0277dc7f09b4d9,2023-11-22,sz.002230,科大讯飞,0,2023-12-18 21:02:14
-4.197,-2.181,1.211,2.195,5.408,4.53,48.35,48.5,46.81,47.89,28782945.0,1368506274.44,1.3527,0.1883,,f4d9b46d48b4d56d87edc9d10c50116a,2023-11-23,sz.002230,科大讯飞,0,2023-12-18 21:02:14
-1.897,-2.743,-0.237,2.442,1.66,5.259,48.37,48.47,45.88,46.38,45558883.0,2123672470.62,2.1411,-3.1531,,9052bc40ca70bfd450268d458a9d95ff,2023-11-24,sz.002230,科大讯飞,0,2023-12-18 21:02:14
-1.225,-2.271,0.219,2.271,1.444,4.695,45.76,46.27,45.5,45.71,29506216.0,1349554686.69,1.3867,-1.4446,,9b1d7295d26a33270781d4a599565a4b,2023-11-27,sz.002230,科大讯飞,0,2023-12-18 21:02:14
-1.708,-2.176,0.197,2.153,1.905,4.29,45.69,45.81,45.15,45.68,23444841.0,1065784415.78,1.1018,-0.0656,,37e1aabd1e13b51c648e7ebe74b3ab85,2023-11-28,sz.002230,科大讯飞,0,2023-12-18 21:02:14
-1.598,-2.09,0.266,2.276,1.864,4.358,45.65,45.77,44.9,45.06,25762725.0,1165500799.5,1.2108,-1.3573,,874b5e41a8ebcf46eb6725bae923e9bb,2023-11-29,sz.002230,科大讯飞,0,2023-12-18 21:02:14
